Filename,Venue,Genre,SNR_dB,Sentence_ID,Gender,Filter_Stage,STOI,PESQ,Delta_SNR_dB,Ground_Truth,Google_Response,Google_Status,Google_Confidence,Google_Recall_Pct,Google_WER_Pct,Whisper_Response,Whisper_Status,Whisper_Mean_Prob,Whisper_Min_Prob,Whisper_Avg_Logprob,Whisper_Recall_Pct,Whisper_WER_Pct,Delta_Recall_Whisper_minus_Google,Delta_WER_Whisper_minus_Google,Detection_Class
club_jazz_snr-10_sent01_01_primary_noisy.wav,club,jazz,-10,sent01,female,primary_noisy,0.3731,1.267,0.0,The bill was paid every third week,the bill was paid every third week,OK,0.9521,100.0,0.0,the bill was paying every third pay,OK,0.7434,0.101,-0.566,71.4,28.6,-28.6,28.6,Both Detected
club_jazz_snr-10_sent01_02_fir_bp.wav,club,jazz,-10,sent01,female,fir_bp,0.3488,1.204,1.59,The bill was paid every third week,[NO_SPEECH_DETECTED],NO_SPEECH_DETECTED,0.0,0.0,100.0,the film is made every third week,OK,0.5098,0.0584,-0.9325,57.1,42.9,57.1,-57.1,Whisper Only (Google Dropped)
club_jazz_snr-10_sent01_03_notch.wav,club,jazz,-10,sent01,female,notch,0.3758,1.278,0.75,The bill was paid every third week,the bill was paid every third week,OK,0.9521,100.0,0.0,the bill was paying every third pay,OK,0.7647,0.1039,-0.5499,71.4,28.6,-28.6,28.6,Both Detected
club_jazz_snr-10_sent01_04_base_nlms.wav,club,jazz,-10,sent01,female,base_nlms,0.4891,1.467,11.9,The bill was paid every third week,the bill was paid every third week,OK,0.9521,100.0,0.0,the bill was paid every third week,OK,0.9492,0.8276,-0.3484,100.0,0.0,0.0,0.0,Both Detected
club_jazz_snr-10_sent01_05_soft_vad_leaky.wav,club,jazz,-10,sent01,female,soft_vad_leaky,0.4137,1.423,7.63,The bill was paid every third week,the bill was paid every third week,OK,0.9521,100.0,0.0,the bill was paying every third week,OK,0.8705,0.5528,-0.4307,85.7,14.3,-14.3,14.3,Both Detected
club_jazz_snr-10_sent02_01_primary_noisy.wav,club,jazz,-10,sent02,male,primary_noisy,0.4554,1.314,0.0,Glue the sheet to the dark blue background,[NO_SPEECH_DETECTED],NO_SPEECH_DETECTED,0.0,0.0,100.0,where the shot turned out to be bad for you,OK,0.4783,0.0447,-1.0926,28.6,100.0,28.6,0.0,Whisper Only (Google Dropped)
club_jazz_snr-10_sent02_02_fir_bp.wav,club,jazz,-10,sent02,male,fir_bp,0.4385,1.21,2.82,Glue the sheet to the dark blue background,[NO_SPEECH_DETECTED],NO_SPEECH_DETECTED,0.0,0.0,100.0,im gonna show you how to do that,OK,0.3564,0.115,-1.211,14.3,100.0,14.3,0.0,Whisper Only (Google Dropped)
club_jazz_snr-10_sent02_03_notch.wav,club,jazz,-10,sent02,male,notch,0.4569,1.312,1.61,Glue the sheet to the dark blue background,[NO_SPEECH_DETECTED],NO_SPEECH_DETECTED,0.0,0.0,100.0,where the shot turned out to be blackberry,OK,0.4893,0.0323,-1.0928,28.6,87.5,28.6,-12.5,Whisper Only (Google Dropped)
club_jazz_snr-10_sent02_04_base_nlms.wav,club,jazz,-10,sent02,male,base_nlms,0.6344,1.388,11.98,Glue the sheet to the dark blue background,blue the sheet to the dark blue back,OK,0.9514,71.4,25.0,blue the shape to the dark blue background,OK,0.7398,0.0763,-0.613,71.4,25.0,0.0,0.0,Both Detected
club_jazz_snr-10_sent02_05_soft_vad_leaky.wav,club,jazz,-10,sent02,male,soft_vad_leaky,0.5213,1.373,7.47,Glue the sheet to the dark blue background,who the sheet to the dark blue back,OK,0.9448,71.4,25.0,the shape will darken backwards,OK,0.3282,0.0692,-1.0543,14.3,87.5,-57.1,62.5,Both Detected
club_jazz_snr-10_sent03_01_primary_noisy.wav,club,jazz,-10,sent03,female,primary_noisy,0.5252,1.294,0.0,These days a chicken leg is a rare dish,these days a chicken leg is in rare dish,OK,0.9521,100.0,11.1,these days i check in late and it doesnt hurt at all,OK,0.5937,0.2726,-0.6704,25.0,111.1,-75.0,100.0,Both Detected
club_jazz_snr-10_sent03_02_fir_bp.wav,club,jazz,-10,sent03,female,fir_bp,0.5056,1.197,1.23,These days a chicken leg is a rare dish,[NO_SPEECH_DETECTED],NO_SPEECH_DETECTED,0.0,0.0,100.0,be safe and keep in mind that its a good day,OK,0.469,0.0283,-1.05,12.5,111.1,12.5,11.1,Whisper Only (Google Dropped)
club_jazz_snr-10_sent03_03_notch.wav,club,jazz,-10,sent03,female,notch,0.5261,1.298,0.73,These days a chicken leg is a rare dish,these days a chicken leg is in rare dish,OK,0.9521,100.0,11.1,these days i check in late and it doesnt hurt at all,OK,0.5839,0.246,-0.7019,25.0,111.1,-75.0,100.0,Both Detected
club_jazz_snr-10_sent03_04_base_nlms.wav,club,jazz,-10,sent03,female,base_nlms,0.6241,1.35,10.52,These days a chicken leg is a rare dish,these days a chicken leg is a rare dish,OK,0.9521,100.0,0.0,these days a chicken leg is a rare dish,OK,0.8423,0.2357,-0.4795,100.0,0.0,0.0,0.0,Both Detected
club_jazz_snr-10_sent03_05_soft_vad_leaky.wav,club,jazz,-10,sent03,female,soft_vad_leaky,0.5744,1.358,7.22,These days a chicken leg is a rare dish,these days a chicken leg is a rare dish,OK,0.9521,100.0,0.0,these days a chicken leg isnt her dish,OK,0.7803,0.4736,-0.4809,75.0,33.3,-25.0,33.3,Both Detected
club_jazz_snr-15_sent01_01_primary_noisy.wav,club,jazz,-15,sent01,female,primary_noisy,0.2634,1.211,0.0,The bill was paid every third week,[NO_SPEECH_DETECTED],NO_SPEECH_DETECTED,0.0,0.0,100.0,you know what i mean every night i can move away,OK,0.3363,0.0088,-1.3381,14.3,142.9,14.3,42.9,Whisper Only (Google Dropped)
club_jazz_snr-15_sent01_02_fir_bp.wav,club,jazz,-15,sent01,female,fir_bp,0.2394,1.173,2.05,The bill was paid every third week,[NO_SPEECH_DETECTED],NO_SPEECH_DETECTED,0.0,0.0,100.0,i dont know what youre gonna do,OK,0.2779,0.0044,-1.4502,0.0,100.0,0.0,0.0,Whisper Only (Google Dropped)
club_jazz_snr-15_sent01_03_notch.wav,club,jazz,-15,sent01,female,notch,0.2660,1.218,0.75,The bill was paid every third week,[NO_SPEECH_DETECTED],NO_SPEECH_DETECTED,0.0,0.0,100.0,you always make every nerve that you can move away,OK,0.3328,0.0092,-1.2507,14.3,142.9,14.3,42.9,Whisper Only (Google Dropped)
club_jazz_snr-15_sent01_04_base_nlms.wav,club,jazz,-15,sent01,female,base_nlms,0.3952,1.345,13.0,The bill was paid every third week,the girl was playing every thursday,OK,0.9345,42.9,57.1,the bill was paid every third pay,OK,0.7295,0.4394,-0.5764,85.7,14.3,42.8,-42.8,Both Detected
club_jazz_snr-15_sent01_05_soft_vad_leaky.wav,club,jazz,-15,sent01,female,soft_vad_leaky,0.2908,1.305,7.82,The bill was paid every third week,the girl was paid every thursday,OK,0.9431,57.1,42.9,the bill is paying every third,OK,0.5945,0.3049,-0.7535,57.1,42.9,0.0,0.0,Both Detected
club_jazz_snr-15_sent02_01_primary_noisy.wav,club,jazz,-15,sent02,male,primary_noisy,0.3509,1.264,0.0,Glue the sheet to the dark blue background,[NO_SPEECH_DETECTED],NO_SPEECH_DETECTED,0.0,0.0,100.0,im gonna show you how to do it,OK,0.3219,0.1102,-1.1605,14.3,100.0,14.3,0.0,Whisper Only (Google Dropped)
club_jazz_snr-15_sent02_02_fir_bp.wav,club,jazz,-15,sent02,male,fir_bp,0.3412,1.189,3.73,Glue the sheet to the dark blue background,[NO_SPEECH_DETECTED],NO_SPEECH_DETECTED,0.0,0.0,100.0,thank you very much,OK,0.4973,0.0035,-1.2441,0.0,100.0,0.0,0.0,Whisper Only (Google Dropped)
club_jazz_snr-15_sent02_03_notch.wav,club,jazz,-15,sent02,male,notch,0.3508,1.262,1.61,Glue the sheet to the dark blue background,[NO_SPEECH_DETECTED],NO_SPEECH_DETECTED,0.0,0.0,100.0,im going to show you how to do it,OK,0.3693,0.0961,-1.1015,14.3,112.5,14.3,12.5,Whisper Only (Google Dropped)
club_jazz_snr-15_sent02_04_base_nlms.wav,club,jazz,-15,sent02,male,base_nlms,0.5131,1.29,13.25,Glue the sheet to the dark blue background,dark blue back,OK,0.9238,28.6,75.0,we decided to drop my backpack,OK,0.3612,0.056,-1.0413,14.3,87.5,-14.3,12.5,Both Detected
club_jazz_snr-15_sent02_05_soft_vad_leaky.wav,club,jazz,-15,sent02,male,soft_vad_leaky,0.4055,1.301,7.78,Glue the sheet to the dark blue background,[NO_SPEECH_DETECTED],NO_SPEECH_DETECTED,0.0,0.0,100.0,im gonna show you what im gonna do,OK,0.3673,0.1116,-1.1123,0.0,100.0,0.0,0.0,Whisper Only (Google Dropped)
club_jazz_snr-15_sent03_01_primary_noisy.wav,club,jazz,-15,sent03,female,primary_noisy,0.4210,1.237,0.0,These days a chicken leg is a rare dish,these days and chicken leg is a great day,OK,0.9521,75.0,33.3,please stay safe check in later,OK,0.244,0.0349,-1.208,0.0,100.0,-75.0,66.7,Both Detected
club_jazz_snr-15_sent03_02_fir_bp.wav,club,jazz,-15,sent03,female,fir_bp,0.4048,1.173,1.86,These days a chicken leg is a rare dish,[NO_SPEECH_DETECTED],NO_SPEECH_DETECTED,0.0,0.0,100.0,im not going to get away with you,OK,0.3463,0.0937,-1.4498,0.0,100.0,0.0,0.0,Whisper Only (Google Dropped)
club_jazz_snr-15_sent03_03_notch.wav,club,jazz,-15,sent03,female,notch,0.4219,1.239,0.73,These days a chicken leg is a rare dish,these days and chicken leg is a great day,OK,0.9521,75.0,33.3,please stay safe and check in later,OK,0.2429,0.0517,-1.1916,0.0,100.0,-75.0,66.7,Both Detected
club_jazz_snr-15_sent03_04_base_nlms.wav,club,jazz,-15,sent03,female,base_nlms,0.5315,1.282,12.23,These days a chicken leg is a rare dish,these days a chicken leg is a rare dish,OK,0.9521,100.0,0.0,these days im chicken leg as a girl,OK,0.5398,0.164,-0.8095,62.5,44.4,-37.5,44.4,Both Detected
club_jazz_snr-15_sent03_05_soft_vad_leaky.wav,club,jazz,-15,sent03,female,soft_vad_leaky,0.4501,1.279,7.48,These days a chicken leg is a rare dish,these days a chicken leg is a great day,OK,0.9521,75.0,22.2,these days i checked in later,OK,0.4228,0.0312,-1.0094,25.0,77.8,-50.0,55.6,Both Detected
club_jazz_snr0_sent01_01_primary_noisy.wav,club,jazz,0,sent01,female,primary_noisy,0.5985,1.687,0.0,The bill was paid every third week,the bill was paid every third week,OK,0.9521,100.0,0.0,the bill was paid every third week,OK,0.9678,0.8589,-0.3643,100.0,0.0,0.0,0.0,Both Detected
club_jazz_snr0_sent01_02_fir_bp.wav,club,jazz,0,sent01,female,fir_bp,0.5580,1.335,-2.16,The bill was paid every third week,the bill was paid every third week,OK,0.9521,100.0,0.0,the bill was paid every third week,OK,0.8898,0.6881,-0.4084,100.0,0.0,0.0,0.0,Both Detected
club_jazz_snr0_sent01_03_notch.wav,club,jazz,0,sent01,female,notch,0.6014,1.717,0.7,The bill was paid every third week,the bill was paid every third week,OK,0.9521,100.0,0.0,the bill was paid every third week,OK,0.9671,0.8767,-0.3666,100.0,0.0,0.0,0.0,Both Detected
club_jazz_snr0_sent01_04_base_nlms.wav,club,jazz,0,sent01,female,base_nlms,0.5529,1.517,3.6,The bill was paid every third week,the bill was paid every third week,OK,0.9521,100.0,0.0,the bill was paying every third week,OK,0.9075,0.5807,-0.4221,85.7,14.3,-14.3,14.3,Both Detected
club_jazz_snr0_sent01_05_soft_vad_leaky.wav,club,jazz,0,sent01,female,soft_vad_leaky,0.6147,1.964,6.39,The bill was paid every third week,the bill was paid every third week,OK,0.9521,100.0,0.0,the bill was paid every third week,OK,0.9697,0.8717,-0.371,100.0,0.0,0.0,0.0,Both Detected
club_jazz_snr0_sent02_01_primary_noisy.wav,club,jazz,0,sent02,male,primary_noisy,0.7233,1.627,0.0,Glue the sheet to the dark blue background,blue the sheet to the dark blue background,OK,0.9517,85.7,12.5,blue the shape to the dark blue background,OK,0.8326,0.2836,-0.4298,71.4,25.0,-14.3,12.5,Both Detected
club_jazz_snr0_sent02_02_fir_bp.wav,club,jazz,0,sent02,male,fir_bp,0.6794,1.298,-2.62,Glue the sheet to the dark blue background,blue the sheet to the dark blue background,OK,0.9515,85.7,12.5,blue the sheep to the dark blue background,OK,0.7454,0.427,-0.4737,71.4,25.0,-14.3,12.5,Both Detected
club_jazz_snr0_sent02_03_notch.wav,club,jazz,0,sent02,male,notch,0.7272,1.615,1.58,Glue the sheet to the dark blue background,blue the sheet to the dark blue background,OK,0.9514,85.7,12.5,glue the sheet to the dark blue background,OK,0.8603,0.3316,-0.3983,100.0,0.0,14.3,-12.5,Both Detected
club_jazz_snr0_sent02_04_base_nlms.wav,club,jazz,0,sent02,male,base_nlms,0.7689,1.568,3.03,Glue the sheet to the dark blue background,glue the sheet to the dark blue background,OK,0.9521,100.0,0.0,glue the shape to the dark blue background,OK,0.8884,0.525,-0.3406,85.7,12.5,-14.3,12.5,Both Detected
club_jazz_snr0_sent02_05_soft_vad_leaky.wav,club,jazz,0,sent02,male,soft_vad_leaky,0.7553,1.635,4.24,Glue the sheet to the dark blue background,blue the sheet to the dark blue background,OK,0.9508,85.7,12.5,glue the sheet to the dark blue background,OK,0.8694,0.3225,-0.3998,100.0,0.0,14.3,-12.5,Both Detected
club_jazz_snr0_sent03_01_primary_noisy.wav,club,jazz,0,sent03,female,primary_noisy,0.7530,1.637,0.0,These days a chicken leg is a rare dish,these days a chicken leg is a rare dish,OK,0.9521,100.0,0.0,these days a chicken leg is a rare dish,OK,0.9621,0.8847,-0.3495,100.0,0.0,0.0,0.0,Both Detected
club_jazz_snr0_sent03_02_fir_bp.wav,club,jazz,0,sent03,female,fir_bp,0.7132,1.288,-3.22,These days a chicken leg is a rare dish,these days a chicken leg is a rare dish,OK,0.9521,100.0,0.0,these days a chicken leg is a rare day,OK,0.8788,0.6588,-0.4174,87.5,11.1,-12.5,11.1,Both Detected
club_jazz_snr0_sent03_03_notch.wav,club,jazz,0,sent03,female,notch,0.7546,1.639,0.71,These days a chicken leg is a rare dish,these days a chicken leg is a rare dish,OK,0.9521,100.0,0.0,these days a chicken leg is a rare dish,OK,0.9412,0.7775,-0.3481,100.0,0.0,0.0,0.0,Both Detected
club_jazz_snr0_sent03_04_base_nlms.wav,club,jazz,0,sent03,female,base_nlms,0.6983,1.405,2.13,These days a chicken leg is a rare dish,these days a chicken leg is a rare dish,OK,0.9521,100.0,0.0,these days a chicken leg is in rare dish,OK,0.9433,0.8631,-0.3369,100.0,11.1,0.0,11.1,Both Detected
club_jazz_snr0_sent03_05_soft_vad_leaky.wav,club,jazz,0,sent03,female,soft_vad_leaky,0.7857,1.708,5.23,These days a chicken leg is a rare dish,these days a chicken leg is a rare dish,OK,0.9521,100.0,0.0,these days a chicken leg is a rare dish,OK,0.9721,0.8846,-0.3307,100.0,0.0,0.0,0.0,Both Detected
club_rock_snr-10_sent01_01_primary_noisy.wav,club,rock,-10,sent01,female,primary_noisy,0.2994,1.268,0.0,The bill was paid every third week,[NO_SPEECH_DETECTED],NO_SPEECH_DETECTED,0.0,0.0,100.0,thats always a way my every pocket sure started to run out,OK,0.4161,0.1178,-1.004,14.3,157.1,14.3,57.1,Whisper Only (Google Dropped)
club_rock_snr-10_sent01_02_fir_bp.wav,club,rock,-10,sent01,female,fir_bp,0.3017,1.252,4.89,The bill was paid every third week,[NO_SPEECH_DETECTED],NO_SPEECH_DETECTED,0.0,0.0,100.0,that girl was with my fucking shirt under my mask,OK,0.4281,0.0624,-0.9807,14.3,128.6,14.3,28.6,Whisper Only (Google Dropped)
club_rock_snr-10_sent01_03_notch.wav,club,rock,-10,sent01,female,notch,0.2960,1.265,0.26,The bill was paid every third week,[NO_SPEECH_DETECTED],NO_SPEECH_DETECTED,0.0,0.0,100.0,thats always the way my every pocket sure is worth your money,OK,0.5,0.1263,-0.8843,28.6,157.1,28.6,57.1,Whisper Only (Google Dropped)
club_rock_snr-10_sent01_04_base_nlms.wav,club,rock,-10,sent01,female,base_nlms,0.3952,1.268,9.46,The bill was paid every third week,[NO_SPEECH_DETECTED],NO_SPEECH_DETECTED,0.0,0.0,100.0,thats always great everyone im sure its one of them why,OK,0.4325,0.1537,-0.9059,0.0,157.1,0.0,57.1,Whisper Only (Google Dropped)
club_rock_snr-10_sent01_05_soft_vad_leaky.wav,club,rock,-10,sent01,female,soft_vad_leaky,0.3334,1.307,6.06,The bill was paid every third week,[NO_SPEECH_DETECTED],NO_SPEECH_DETECTED,0.0,0.0,100.0,thats always a way like every pocket should start from one hand,OK,0.515,0.1944,-0.8088,14.3,157.1,14.3,57.1,Whisper Only (Google Dropped)
club_rock_snr-10_sent02_01_primary_noisy.wav,club,rock,-10,sent02,male,primary_noisy,0.4135,1.322,0.0,Glue the sheet to the dark blue background,[NO_SPEECH_DETECTED],NO_SPEECH_DETECTED,0.0,0.0,100.0,thats not something we might not apologize for,OK,0.416,0.0915,-1.1113,0.0,100.0,0.0,0.0,Whisper Only (Google Dropped)
club_rock_snr-10_sent02_02_fir_bp.wav,club,rock,-10,sent02,male,fir_bp,0.4098,1.243,4.25,Glue the sheet to the dark blue background,[NO_SPEECH_DETECTED],NO_SPEECH_DETECTED,0.0,0.0,100.0,that has to do with my wifes pocket sugar,OK,0.4412,0.0955,-0.998,14.3,112.5,14.3,12.5,Whisper Only (Google Dropped)
club_rock_snr-10_sent02_03_notch.wav,club,rock,-10,sent02,male,notch,0.4150,1.323,0.25,Glue the sheet to the dark blue background,[NO_SPEECH_DETECTED],NO_SPEECH_DETECTED,0.0,0.0,100.0,thats the issue with my dog pocket shoes,OK,0.4418,0.0337,-1.0427,14.3,87.5,14.3,-12.5,Whisper Only (Google Dropped)
club_rock_snr-10_sent02_04_base_nlms.wav,club,rock,-10,sent02,male,base_nlms,0.5285,1.28,8.67,Glue the sheet to the dark blue background,[NO_SPEECH_DETECTED],NO_SPEECH_DETECTED,0.0,0.0,100.0,emission of the dog consciousness,OK,0.2529,0.0843,-1.2026,14.3,87.5,14.3,-12.5,Whisper Only (Google Dropped)
club_rock_snr-10_sent02_05_soft_vad_leaky.wav,club,rock,-10,sent02,male,soft_vad_leaky,0.4351,1.33,5.53,Glue the sheet to the dark blue background,[NO_SPEECH_DETECTED],NO_SPEECH_DETECTED,0.0,0.0,100.0,especially with my own pocket shoes,OK,0.3864,0.0344,-1.1329,0.0,100.0,0.0,0.0,Whisper Only (Google Dropped)
club_rock_snr-10_sent03_01_primary_noisy.wav,club,rock,-10,sent03,female,primary_noisy,0.3451,1.305,0.0,These days a chicken leg is a rare dish,[NO_SPEECH_DETECTED],NO_SPEECH_DETECTED,0.0,0.0,100.0,thats how you live like a populationist of their nation,OK,0.3915,0.1209,-1.2023,12.5,111.1,12.5,11.1,Whisper Only (Google Dropped)
club_rock_snr-10_sent03_02_fir_bp.wav,club,rock,-10,sent03,female,fir_bp,0.3327,1.229,4.41,These days a chicken leg is a rare dish,[NO_SPEECH_DETECTED],NO_SPEECH_DETECTED,0.0,0.0,100.0,that today was not like talking to each other but it was not like that,OK,0.4855,0.2239,-0.8724,0.0,166.7,0.0,66.7,Whisper Only (Google Dropped)
club_rock_snr-10_sent03_03_notch.wav,club,rock,-10,sent03,female,notch,0.3416,1.293,0.25,These days a chicken leg is a rare dish,[NO_SPEECH_DETECTED],NO_SPEECH_DETECTED,0.0,0.0,100.0,thats how you live with my dr thomas schuss the mayor of washington,OK,0.406,0.0422,-1.1088,0.0,144.4,0.0,44.4,Whisper Only (Google Dropped)
club_rock_snr-10_sent03_04_base_nlms.wav,club,rock,-10,sent03,female,base_nlms,0.5017,1.303,9.3,These days a chicken leg is a rare dish,[NO_SPEECH_DETECTED],NO_SPEECH_DETECTED,0.0,0.0,100.0,next day ill check out any of the program dish,OK,0.6199,0.0595,-0.7669,12.5,100.0,12.5,0.0,Whisper Only (Google Dropped)
club_rock_snr-10_sent03_05_soft_vad_leaky.wav,club,rock,-10,sent03,female,soft_vad_leaky,0.3885,1.325,5.97,These days a chicken leg is a rare dish,[NO_SPEECH_DETECTED],NO_SPEECH_DETECTED,0.0,0.0,100.0,best day with my type of job issues and their passion,OK,0.3726,0.0143,-1.2797,0.0,122.2,0.0,22.2,Whisper Only (Google Dropped)
club_rock_snr-15_sent01_01_primary_noisy.wav,club,rock,-15,sent01,female,primary_noisy,0.2229,1.23,0.0,The bill was paid every third week,[NO_SPEECH_DETECTED],NO_SPEECH_DETECTED,0.0,0.0,100.0,thats not the way back up the pocket shoes that i dont want,OK,0.4872,0.1143,-0.8703,14.3,171.4,14.3,71.4,Whisper Only (Google Dropped)
club_rock_snr-15_sent01_02_fir_bp.wav,club,rock,-15,sent01,female,fir_bp,0.2338,1.223,5.95,The bill was paid every third week,[NO_SPEECH_DETECTED],NO_SPEECH_DETECTED,0.0,0.0,100.0,thats how to live my life why should i just want to live my life,OK,0.4239,0.0485,-1.044,0.0,214.3,0.0,114.3,Whisper Only (Google Dropped)
club_rock_snr-15_sent01_03_notch.wav,club,rock,-15,sent01,female,notch,0.2203,1.229,0.27,The bill was paid every third week,[NO_SPEECH_DETECTED],NO_SPEECH_DETECTED,0.0,0.0,100.0,thats not the way back up the pocket shoes that i dont want,OK,0.4919,0.1284,-0.892,14.3,171.4,14.3,71.4,Whisper Only (Google Dropped)
club_rock_snr-15_sent01_04_base_nlms.wav,club,rock,-15,sent01,female,base_nlms,0.2982,1.219,10.06,The bill was paid every third week,[NO_SPEECH_DETECTED],NO_SPEECH_DETECTED,0.0,0.0,100.0,thats also the way to buy the pocket shirt so i dont know why,OK,0.5461,0.1988,-0.777,14.3,185.7,14.3,85.7,Whisper Only (Google Dropped)
club_rock_snr-15_sent01_05_soft_vad_leaky.wav,club,rock,-15,sent01,female,soft_vad_leaky,0.2494,1.258,6.31,The bill was paid every third week,[NO_SPEECH_DETECTED],NO_SPEECH_DETECTED,0.0,0.0,100.0,thats also the way about that pocket shirt so i dont want it,OK,0.5461,0.0804,-0.8746,14.3,171.4,14.3,71.4,Whisper Only (Google Dropped)
club_rock_snr-15_sent02_01_primary_noisy.wav,club,rock,-15,sent02,male,primary_noisy,0.3199,1.274,0.0,Glue the sheet to the dark blue background,[NO_SPEECH_DETECTED],NO_SPEECH_DETECTED,0.0,0.0,100.0,thats much of the way my dog pocket sure is there,OK,0.4283,0.0755,-0.9952,14.3,125.0,14.3,25.0,Whisper Only (Google Dropped)
club_rock_snr-15_sent02_02_fir_bp.wav,club,rock,-15,sent02,male,fir_bp,0.3231,1.218,5.55,Glue the sheet to the dark blue background,[NO_SPEECH_DETECTED],NO_SPEECH_DETECTED,0.0,0.0,100.0,that has to do it but im not making sure of that,OK,0.4977,0.0959,-0.8892,14.3,150.0,14.3,50.0,Whisper Only (Google Dropped)
club_rock_snr-15_sent02_03_notch.wav,club,rock,-15,sent02,male,notch,0.3216,1.275,0.27,Glue the sheet to the dark blue background,[NO_SPEECH_DETECTED],NO_SPEECH_DETECTED,0.0,0.0,100.0,thats much to the way my doctor pocket sure is there,OK,0.4301,0.0645,-0.9338,28.6,125.0,28.6,25.0,Whisper Only (Google Dropped)
club_rock_snr-15_sent02_04_base_nlms.wav,club,rock,-15,sent02,male,base_nlms,0.4225,1.229,9.5,Glue the sheet to the dark blue background,[NO_SPEECH_DETECTED],NO_SPEECH_DETECTED,0.0,0.0,100.0,thats the only part about the pockets,OK,0.3037,0.1734,-1.2272,14.3,87.5,14.3,-12.5,Whisper Only (Google Dropped)
club_rock_snr-15_sent02_05_soft_vad_leaky.wav,club,rock,-15,sent02,male,soft_vad_leaky,0.3308,1.276,5.78,Glue the sheet to the dark blue background,[NO_SPEECH_DETECTED],NO_SPEECH_DETECTED,0.0,0.0,100.0,thats especially the way my dog pockets show us that,OK,0.4306,0.0487,-1.0257,14.3,112.5,14.3,12.5,Whisper Only (Google Dropped)
club_rock_snr-15_sent03_01_primary_noisy.wav,club,rock,-15,sent03,female,primary_noisy,0.2307,1.257,0.0,These days a chicken leg is a rare dish,[NO_SPEECH_DETECTED],NO_SPEECH_DETECTED,0.0,0.0,100.0,thats how you get rid of my fucking pocket shoes that i dont want to have,OK,0.5458,0.0597,-0.8325,0.0,177.8,0.0,77.8,Whisper Only (Google Dropped)
club_rock_snr-15_sent03_02_fir_bp.wav,club,rock,-15,sent03,female,fir_bp,0.2182,1.205,5.83,These days a chicken leg is a rare dish,[NO_SPEECH_DETECTED],NO_SPEECH_DETECTED,0.0,0.0,100.0,thats how you live my life talking to each other while im at it,OK,0.4955,0.094,-0.8945,0.0,155.6,0.0,55.6,Whisper Only (Google Dropped)
club_rock_snr-15_sent03_03_notch.wav,club,rock,-15,sent03,female,notch,0.2277,1.249,0.26,These days a chicken leg is a rare dish,[NO_SPEECH_DETECTED],NO_SPEECH_DETECTED,0.0,0.0,100.0,thats how to deal with my dog and pocket shoes under one hand,OK,0.508,0.145,-0.8392,0.0,144.4,0.0,44.4,Whisper Only (Google Dropped)
club_rock_snr-15_sent03_04_base_nlms.wav,club,rock,-15,sent03,female,base_nlms,0.3659,1.242,10.16,These days a chicken leg is a rare dish,[NO_SPEECH_DETECTED],NO_SPEECH_DETECTED,0.0,0.0,100.0,thats the end of what were about to talk about its not going to be a long time,OK,0.4868,0.06,-0.9806,12.5,188.9,12.5,88.9,Whisper Only (Google Dropped)
club_rock_snr-15_sent03_05_soft_vad_leaky.wav,club,rock,-15,sent03,female,soft_vad_leaky,0.2591,1.268,6.21,These days a chicken leg is a rare dish,[NO_SPEECH_DETECTED],NO_SPEECH_DETECTED,0.0,0.0,100.0,thats what i think about that pocket shirt so im going to go to the bathroom,OK,0.3499,0.0855,-1.1254,0.0,177.8,0.0,77.8,Whisper Only (Google Dropped)
club_rock_snr0_sent01_01_primary_noisy.wav,club,rock,0,sent01,female,primary_noisy,0.4940,1.52,0.0,The bill was paid every third week,the bill was paid every third week,OK,0.9521,100.0,0.0,the bill was paid every third week,OK,0.7242,0.146,-0.6539,100.0,0.0,0.0,0.0,Both Detected
club_rock_snr0_sent01_02_fir_bp.wav,club,rock,0,sent01,female,fir_bp,0.4786,1.358,-1.07,The bill was paid every third week,[NO_SPEECH_DETECTED],NO_SPEECH_DETECTED,0.0,0.0,100.0,the bill was made every thursday,OK,0.6872,0.2908,-0.6312,57.1,42.9,57.1,-57.1,Whisper Only (Google Dropped)
club_rock_snr0_sent01_03_notch.wav,club,rock,0,sent01,female,notch,0.4907,1.509,0.18,The bill was paid every third week,the bill was paid every third week,OK,0.9521,100.0,0.0,that bill was paid every third week,OK,0.6735,0.2536,-0.6528,85.7,14.3,-14.3,14.3,Both Detected
club_rock_snr0_sent01_04_base_nlms.wav,club,rock,0,sent01,female,base_nlms,0.5405,1.394,3.71,The bill was paid every third week,the bill was paid every third week,OK,0.9521,100.0,0.0,the bill was paid every third week,OK,0.7075,0.1795,-0.639,100.0,0.0,0.0,0.0,Both Detected
club_rock_snr0_sent01_05_soft_vad_leaky.wav,club,rock,0,sent01,female,soft_vad_leaky,0.5264,1.572,4.55,The bill was paid every third week,the bill was paid every third week,OK,0.9521,100.0,0.0,the bill was paid every third week,OK,0.8076,0.3923,-0.5091,100.0,0.0,0.0,0.0,Both Detected
club_rock_snr0_sent02_01_primary_noisy.wav,club,rock,0,sent02,male,primary_noisy,0.6601,1.621,0.0,Glue the sheet to the dark blue background,who are the sheep to the dark blue back,OK,0.9425,57.1,50.0,move the sheet to the dark blue background,OK,0.8275,0.3583,-0.4465,85.7,12.5,28.6,-37.5,Both Detected
club_rock_snr0_sent02_02_fir_bp.wav,club,rock,0,sent02,male,fir_bp,0.6349,1.349,-2.24,Glue the sheet to the dark blue background,back,OK,0.9521,0.0,100.0,music sheet in the dark blue background,OK,0.6198,0.1292,-0.6999,71.4,37.5,71.4,-62.5,Both Detected
club_rock_snr0_sent02_03_notch.wav,club,rock,0,sent02,male,notch,0.6585,1.618,-0.04,Glue the sheet to the dark blue background,back,OK,0.9521,0.0,100.0,move the sheet to the dark blue background,OK,0.826,0.1986,-0.4968,85.7,12.5,85.7,-87.5,Both Detected
club_rock_snr0_sent02_04_base_nlms.wav,club,rock,0,sent02,male,base_nlms,0.6970,1.431,2.2,Glue the sheet to the dark blue background,the sheet to the dark blue back,OK,0.9157,71.4,25.0,lets move the sheet to the dark blue background,OK,0.7774,0.3345,-0.57,85.7,25.0,14.3,0.0,Both Detected
club_rock_snr0_sent02_05_soft_vad_leaky.wav,club,rock,0,sent02,male,soft_vad_leaky,0.6698,1.576,3.36,Glue the sheet to the dark blue background,who are the sheep to the dark blue back,OK,0.938,57.1,50.0,move the shape to the dark blue background,OK,0.859,0.3608,-0.4022,71.4,25.0,14.3,-25.0,Both Detected
club_rock_snr0_sent03_01_primary_noisy.wav,club,rock,0,sent03,female,primary_noisy,0.6302,1.607,0.0,These days a chicken leg is a rare dish,these days a chicken leg is a rare dish,OK,0.9521,100.0,0.0,these days make chicken play is a rare dish,OK,0.7951,0.1743,-0.5138,87.5,22.2,-12.5,22.2,Both Detected
club_rock_snr0_sent03_02_fir_bp.wav,club,rock,0,sent03,female,fir_bp,0.6129,1.313,-2.32,These days a chicken leg is a rare dish,these days a chicken leg is a rare dish,OK,0.9521,100.0,0.0,these days a chicken leg is a rare dish,OK,0.8134,0.2634,-0.5048,100.0,0.0,0.0,0.0,Both Detected
club_rock_snr0_sent03_03_notch.wav,club,rock,0,sent03,female,notch,0.6277,1.567,0.07,These days a chicken leg is a rare dish,these days a chicken leg is a rare dish,OK,0.9521,100.0,0.0,these days a chicken play is a rare dish,OK,0.8359,0.2018,-0.4675,87.5,11.1,-12.5,11.1,Both Detected
club_rock_snr0_sent03_04_base_nlms.wav,club,rock,0,sent03,female,base_nlms,0.6825,1.434,2.38,These days a chicken leg is a rare dish,these days a chicken leg is a rare dish,OK,0.9521,100.0,0.0,these days a chicken leg is a rare dish,OK,0.8812,0.6364,-0.3661,100.0,0.0,0.0,0.0,Both Detected
club_rock_snr0_sent03_05_soft_vad_leaky.wav,club,rock,0,sent03,female,soft_vad_leaky,0.6851,1.626,4.05,These days a chicken leg is a rare dish,these days a chicken leg is a rare dish,OK,0.9521,100.0,0.0,these days a chicken leg is a rare dish,OK,0.8519,0.5472,-0.397,100.0,0.0,0.0,0.0,Both Detected
club_techno_snr-10_sent01_01_primary_noisy.wav,club,techno,-10,sent01,female,primary_noisy,0.4110,1.262,0.0,The bill was paid every third week,the bill was made every third week,OK,0.9521,85.7,14.3,the bill was made every third week,OK,0.8942,0.6204,-0.3981,85.7,14.3,0.0,0.0,Both Detected
club_techno_snr-10_sent01_02_fir_bp.wav,club,techno,-10,sent01,female,fir_bp,0.4023,1.323,8.13,The bill was paid every third week,[NO_SPEECH_DETECTED],NO_SPEECH_DETECTED,0.0,0.0,100.0,the bill will take every third week,OK,0.8085,0.4136,-0.4607,71.4,28.6,71.4,-71.4,Whisper Only (Google Dropped)
club_techno_snr-10_sent01_03_notch.wav,club,techno,-10,sent01,female,notch,0.4132,1.289,1.07,The bill was paid every third week,the bill was made every third week,OK,0.9521,85.7,14.3,the bill was made every third week,OK,0.8909,0.6002,-0.4089,85.7,14.3,0.0,0.0,Both Detected
club_techno_snr-10_sent01_04_base_nlms.wav,club,techno,-10,sent01,female,base_nlms,0.4978,1.451,12.44,The bill was paid every third week,the bill was paid every third week,OK,0.9521,100.0,0.0,the bill was paid every third week,OK,0.8987,0.6586,-0.4169,100.0,0.0,0.0,0.0,Both Detected
club_techno_snr-10_sent01_05_soft_vad_leaky.wav,club,techno,-10,sent01,female,soft_vad_leaky,0.4195,1.498,9.79,The bill was paid every third week,the bill was made every third week,OK,0.9521,85.7,14.3,the bill was made every third week,OK,0.9355,0.781,-0.3626,85.7,14.3,0.0,0.0,Both Detected
club_techno_snr-10_sent02_01_primary_noisy.wav,club,techno,-10,sent02,male,primary_noisy,0.4751,1.376,-0.0,Glue the sheet to the dark blue background,back,OK,0.9471,0.0,100.0,look at the sheets in the dark blue background,OK,0.6677,0.0537,-0.7004,57.1,50.0,57.1,-50.0,Both Detected
club_techno_snr-10_sent02_02_fir_bp.wav,club,techno,-10,sent02,male,fir_bp,0.4565,1.304,7.21,Glue the sheet to the dark blue background,[NO_SPEECH_DETECTED],NO_SPEECH_DETECTED,0.0,0.0,100.0,we are the sheep of the dark blue backrests,OK,0.3587,0.0625,-1.0363,42.9,62.5,42.9,-37.5,Whisper Only (Google Dropped)
club_techno_snr-10_sent02_03_notch.wav,club,techno,-10,sent02,male,notch,0.4763,1.403,0.99,Glue the sheet to the dark blue background,back,OK,0.9495,0.0,100.0,look at the sheets in the dark blue background,OK,0.6726,0.0545,-0.6713,57.1,50.0,57.1,-50.0,Both Detected
club_techno_snr-10_sent02_04_base_nlms.wav,club,techno,-10,sent02,male,base_nlms,0.5798,1.411,11.97,Glue the sheet to the dark blue background,murder sheets of the dark blue back,OK,0.9521,42.9,62.5,one of the sheets with a dark blue background,OK,0.7301,0.0535,-0.6152,57.1,62.5,14.2,0.0,Both Detected
club_techno_snr-10_sent02_05_soft_vad_leaky.wav,club,techno,-10,sent02,male,soft_vad_leaky,0.4807,1.488,9.58,Glue the sheet to the dark blue background,lewisham to the dark blue back,OK,0.8348,57.1,50.0,well let the sheep in the dark move back around,OK,0.5804,0.1518,-0.8294,28.6,87.5,-28.5,37.5,Both Detected
club_techno_snr-10_sent03_01_primary_noisy.wav,club,techno,-10,sent03,female,primary_noisy,0.5320,1.329,0.0,These days a chicken leg is a rare dish,these days a chicken leg is a rare dish,OK,0.9521,100.0,0.0,these days a chicken leg is invariably,OK,0.6876,0.1891,-0.6419,75.0,33.3,-25.0,33.3,Both Detected
club_techno_snr-10_sent03_02_fir_bp.wav,club,techno,-10,sent03,female,fir_bp,0.5148,1.279,7.16,These days a chicken leg is a rare dish,these days a chicken leg is a rare gift,OK,0.9514,87.5,11.1,the day it came to life it was gorgeous,OK,0.3541,0.0773,-1.2116,0.0,100.0,-87.5,88.9,Both Detected
club_techno_snr-10_sent03_03_notch.wav,club,techno,-10,sent03,female,notch,0.5354,1.362,1.16,These days a chicken leg is a rare dish,these days a chicken leg is a rare dish,OK,0.9521,100.0,0.0,these days a chicken leg is invariably,OK,0.6991,0.2238,-0.599,75.0,33.3,-25.0,33.3,Both Detected
club_techno_snr-10_sent03_04_base_nlms.wav,club,techno,-10,sent03,female,base_nlms,0.5965,1.396,11.46,These days a chicken leg is a rare dish,these days a chicken leg is a rare dish,OK,0.9521,100.0,0.0,these days a chicken leg is a rare dish,OK,0.7047,0.3032,-0.6009,100.0,0.0,0.0,0.0,Both Detected
club_techno_snr-10_sent03_05_soft_vad_leaky.wav,club,techno,-10,sent03,female,soft_vad_leaky,0.5494,1.49,9.35,These days a chicken leg is a rare dish,these days a chicken leg is a rare dish,OK,0.9521,100.0,0.0,these days a chicken leg is a rare gift,OK,0.6693,0.3561,-0.621,87.5,11.1,-12.5,11.1,Both Detected
club_techno_snr-15_sent01_01_primary_noisy.wav,club,techno,-15,sent01,female,primary_noisy,0.2859,1.201,0.0,The bill was paid every third week,[NO_SPEECH_DETECTED],NO_SPEECH_DETECTED,0.0,0.0,100.0,the bill was made every third year,OK,0.5505,0.2508,-0.8067,71.4,28.6,71.4,-71.4,Whisper Only (Google Dropped)
club_techno_snr-15_sent01_02_fir_bp.wav,club,techno,-15,sent01,female,fir_bp,0.2785,1.269,11.05,The bill was paid every third week,[NO_SPEECH_DETECTED],NO_SPEECH_DETECTED,0.0,0.0,100.0,the bill would take half a third of the bill,OK,0.3559,0.0585,-1.1675,42.9,100.0,42.9,0.0,Whisper Only (Google Dropped)
club_techno_snr-15_sent01_03_notch.wav,club,techno,-15,sent01,female,notch,0.2879,1.216,1.07,The bill was paid every third week,[NO_SPEECH_DETECTED],NO_SPEECH_DETECTED,0.0,0.0,100.0,the bill was made every third of the year,OK,0.4828,0.2294,-0.8615,71.4,57.1,71.4,-42.9,Whisper Only (Google Dropped)
club_techno_snr-15_sent01_04_base_nlms.wav,club,techno,-15,sent01,female,base_nlms,0.3836,1.337,13.89,The bill was paid every third week,the bill was made every third week,OK,0.9521,85.7,14.3,the bill was made as the third meeting,OK,0.5644,0.2415,-0.7405,57.1,57.1,-28.6,42.8,Both Detected
club_techno_snr-15_sent01_05_soft_vad_leaky.wav,club,techno,-15,sent01,female,soft_vad_leaky,0.2928,1.35,10.2,The bill was paid every third week,the bill was named after surgery,OK,0.9521,42.9,57.1,the bill was made every third year,OK,0.6184,0.2984,-0.6992,71.4,28.6,28.5,-28.5,Both Detected
club_techno_snr-15_sent02_01_primary_noisy.wav,club,techno,-15,sent02,male,primary_noisy,0.3304,1.286,0.0,Glue the sheet to the dark blue background,[NO_SPEECH_DETECTED],NO_SPEECH_DETECTED,0.0,0.0,100.0,let the shit in the darkness go back,OK,0.4354,0.0439,-1.0238,14.3,75.0,14.3,-25.0,Whisper Only (Google Dropped)
club_techno_snr-15_sent02_02_fir_bp.wav,club,techno,-15,sent02,male,fir_bp,0.3194,1.256,10.44,Glue the sheet to the dark blue background,[NO_SPEECH_DETECTED],NO_SPEECH_DETECTED,0.0,0.0,100.0,we are the students of our spin back man,OK,0.3194,0.0576,-1.2137,14.3,100.0,14.3,0.0,Whisper Only (Google Dropped)
club_techno_snr-15_sent02_03_notch.wav,club,techno,-15,sent02,male,notch,0.3322,1.303,1.01,Glue the sheet to the dark blue background,[NO_SPEECH_DETECTED],NO_SPEECH_DETECTED,0.0,0.0,100.0,let the shit in the darkness go back,OK,0.4321,0.043,-1.0777,14.3,75.0,14.3,-25.0,Whisper Only (Google Dropped)
club_techno_snr-15_sent02_04_base_nlms.wav,club,techno,-15,sent02,male,base_nlms,0.4427,1.31,13.83,Glue the sheet to the dark blue background,back,OK,0.9347,0.0,100.0,im not the sheep im gonna dodge you in the back right now,OK,0.3788,0.17,-1.0364,14.3,137.5,14.3,37.5,Both Detected
club_techno_snr-15_sent02_05_soft_vad_leaky.wav,club,techno,-15,sent02,male,soft_vad_leaky,0.3343,1.362,10.19,Glue the sheet to the dark blue background,back,OK,0.9316,0.0,100.0,let the shit in the darkness go back now,OK,0.4282,0.0797,-0.9521,14.3,87.5,14.3,-12.5,Both Detected
club_techno_snr-15_sent03_01_primary_noisy.wav,club,techno,-15,sent03,female,primary_noisy,0.3710,1.247,0.0,These days a chicken leg is a rare dish,please save a chicken leg is andrea good,OK,0.9414,50.0,55.6,leave a link in the description below,OK,0.4287,0.1509,-0.9643,12.5,88.9,-37.5,33.3,Both Detected
club_techno_snr-15_sent03_02_fir_bp.wav,club,techno,-15,sent03,female,fir_bp,0.3658,1.236,10.5,These days a chicken leg is a rare dish,please say a chicken leg chicken burger,OK,0.9388,37.5,66.7,the update is open for you,OK,0.453,0.0441,-1.0152,12.5,88.9,-25.0,22.2,Both Detected
club_techno_snr-15_sent03_03_notch.wav,club,techno,-15,sent03,female,notch,0.3742,1.266,1.17,These days a chicken leg is a rare dish,please save a chicken leg is andrea good,OK,0.9398,50.0,55.6,leave a name and check the file in the description below,OK,0.4138,0.1324,-1.0814,12.5,122.2,-37.5,66.6,Both Detected
club_techno_snr-15_sent03_04_base_nlms.wav,club,techno,-15,sent03,female,base_nlms,0.4704,1.312,13.41,These days a chicken leg is a rare dish,these days and chicken leg is a rare gift,OK,0.9521,87.5,22.2,be safe and keep in mind itll be better,OK,0.5389,0.2418,-0.8372,0.0,100.0,-87.5,77.8,Both Detected
club_techno_snr-15_sent03_05_soft_vad_leaky.wav,club,techno,-15,sent03,female,soft_vad_leaky,0.3853,1.359,9.94,These days a chicken leg is a rare dish,these days a chicken leg is a rare gift,OK,0.9446,87.5,11.1,be safe and keep in mind and be good,OK,0.4165,0.0746,-1.1056,0.0,100.0,-87.5,88.9,Both Detected
club_techno_snr0_sent01_01_primary_noisy.wav,club,techno,0,sent01,female,primary_noisy,0.6402,1.79,0.0,The bill was paid every third week,the bill was paid every third week,OK,0.9521,100.0,0.0,the bill was paid every third week,OK,0.962,0.8581,-0.3687,100.0,0.0,0.0,0.0,Both Detected
club_techno_snr0_sent01_02_fir_bp.wav,club,techno,0,sent01,female,fir_bp,0.6251,1.424,-0.53,The bill was paid every third week,the bill was paid every third week,OK,0.9521,100.0,0.0,the bill would take every third week,OK,0.8184,0.4531,-0.5019,71.4,28.6,-28.6,28.6,Both Detected
club_techno_snr0_sent01_03_notch.wav,club,techno,0,sent01,female,notch,0.6440,1.902,1.03,The bill was paid every third week,the bill was paid every third week,OK,0.9521,100.0,0.0,the bill was paid every third week,OK,0.9677,0.8717,-0.3701,100.0,0.0,0.0,0.0,Both Detected
club_techno_snr0_sent01_04_base_nlms.wav,club,techno,0,sent01,female,base_nlms,0.6119,1.521,3.76,The bill was paid every third week,the bill was paid every third week,OK,0.9521,100.0,0.0,the bill was paid every third week,OK,0.9514,0.7483,-0.3817,100.0,0.0,0.0,0.0,Both Detected
club_techno_snr0_sent01_05_soft_vad_leaky.wav,club,techno,0,sent01,female,soft_vad_leaky,0.6383,2.145,7.09,The bill was paid every third week,the bill was paid every third week,OK,0.9521,100.0,0.0,the bill was paid every third week,OK,0.9684,0.8766,-0.3699,100.0,0.0,0.0,0.0,Both Detected
club_techno_snr0_sent02_01_primary_noisy.wav,club,techno,0,sent02,male,primary_noisy,0.7749,2.069,0.0,Glue the sheet to the dark blue background,glue the sheet to the dark blue background,OK,0.9521,100.0,0.0,glue the sheet to the dark blue background,OK,0.8954,0.4984,-0.3708,100.0,0.0,0.0,0.0,Both Detected
club_techno_snr0_sent02_02_fir_bp.wav,club,techno,0,sent02,male,fir_bp,0.7347,1.429,-1.77,Glue the sheet to the dark blue background,glue the sheets to the dark blue background,OK,0.9521,85.7,12.5,glue the sheets to the dark blue background,OK,0.9154,0.7341,-0.3463,85.7,12.5,0.0,0.0,Both Detected
club_techno_snr0_sent02_03_notch.wav,club,techno,0,sent02,male,notch,0.7727,2.086,0.75,Glue the sheet to the dark blue background,glue the sheet to the dark blue background,OK,0.9521,100.0,0.0,glue the sheets to the dark blue background,OK,0.8736,0.4462,-0.4034,85.7,12.5,-14.3,12.5,Both Detected
club_techno_snr0_sent02_04_base_nlms.wav,club,techno,0,sent02,male,base_nlms,0.7140,1.541,2.37,Glue the sheet to the dark blue background,where the sheet to the dark blue background,OK,0.9508,85.7,12.5,glue the sheath to the dark blue background,OK,0.7843,0.3228,-0.5039,85.7,12.5,0.0,0.0,Both Detected
club_techno_snr0_sent02_05_soft_vad_leaky.wav,club,techno,0,sent02,male,soft_vad_leaky,0.7661,1.942,5.31,Glue the sheet to the dark blue background,glue the sheet to the dark blue background,OK,0.9521,100.0,0.0,glue the sheets to the dark blue background,OK,0.865,0.559,-0.3744,85.7,12.5,-14.3,12.5,Both Detected
club_techno_snr0_sent03_01_primary_noisy.wav,club,techno,0,sent03,female,primary_noisy,0.8074,1.976,0.0,These days a chicken leg is a rare dish,these days a chicken leg is a rare dish,OK,0.9521,100.0,0.0,these days a chicken leg is in rare dish,OK,0.9259,0.7649,-0.3314,100.0,11.1,0.0,11.1,Both Detected
club_techno_snr0_sent03_02_fir_bp.wav,club,techno,0,sent03,female,fir_bp,0.7707,1.376,-1.89,These days a chicken leg is a rare dish,these days a chicken leg is a rare dish,OK,0.9521,100.0,0.0,these days a chicken leg is in rare dish,OK,0.7708,0.2366,-0.4844,100.0,11.1,0.0,11.1,Both Detected
club_techno_snr0_sent03_03_notch.wav,club,techno,0,sent03,female,notch,0.8117,2.076,1.11,These days a chicken leg is a rare dish,these days a chicken leg is a rare dish,OK,0.9521,100.0,0.0,these days a chicken leg is in rare dish,OK,0.9334,0.793,-0.3275,100.0,11.1,0.0,11.1,Both Detected
club_techno_snr0_sent03_04_base_nlms.wav,club,techno,0,sent03,female,base_nlms,0.6881,1.428,2.26,These days a chicken leg is a rare dish,these days a chicken leg is a rare dish,OK,0.9521,100.0,0.0,these days a chicken leg is a rare dish,OK,0.8911,0.6016,-0.3552,100.0,0.0,0.0,0.0,Both Detected
club_techno_snr0_sent03_05_soft_vad_leaky.wav,club,techno,0,sent03,female,soft_vad_leaky,0.8027,2.014,6.21,These days a chicken leg is a rare dish,these days a chicken leg is a rare dish,OK,0.9521,100.0,0.0,these days a chicken leg is a rare dish,OK,0.9322,0.6091,-0.3106,100.0,0.0,0.0,0.0,Both Detected
