Genre,SNR_dB,Filter_Stage,Google_Mean_Recall_Pct,Whisper_Mean_Recall_Pct,Google_Mean_WER_Pct,Whisper_Mean_WER_Pct,Google_Mean_Confidence,Whisper_Mean_Word_Prob,Google_Detection_Rate_Pct,Whisper_Detection_Rate_Pct,Delta_Recall_Whisper_minus_Google,Trials
jazz,-15,primary_noisy,25.0,9.5,77.8,114.3,0.952,0.301,33.3,100.0,-15.5,3
jazz,-15,fir_bp,0.0,0.0,100.0,100.0,0.0,0.374,0.0,100.0,0.0,3
jazz,-15,notch,25.0,9.5,77.8,118.5,0.952,0.315,33.3,100.0,-15.5,3
jazz,-15,base_nlms,57.2,54.2,44.0,48.7,0.937,0.543,100.0,100.0,-3.0,3
jazz,-15,soft_vad_leaky,44.0,27.4,55.0,73.6,0.948,0.462,66.7,100.0,-16.7,3
jazz,-10,primary_noisy,66.7,41.7,37.0,79.9,0.952,0.605,66.7,100.0,-25.0,3
jazz,-10,fir_bp,0.0,28.0,100.0,84.7,0.0,0.445,0.0,100.0,28.0,3
jazz,-10,notch,66.7,41.7,37.0,75.7,0.952,0.613,66.7,100.0,-25.0,3
jazz,-10,base_nlms,90.5,90.5,8.3,8.3,0.952,0.844,100.0,100.0,0.0,3
jazz,-10,soft_vad_leaky,90.5,58.3,8.3,45.0,0.95,0.66,100.0,100.0,-32.1,3
jazz,0,primary_noisy,95.2,90.5,4.2,8.3,0.952,0.921,100.0,100.0,-4.8,3
jazz,0,fir_bp,95.2,86.3,4.2,12.0,0.952,0.838,100.0,100.0,-8.9,3
jazz,0,notch,95.2,100.0,4.2,0.0,0.952,0.923,100.0,100.0,4.8,3
jazz,0,base_nlms,100.0,90.5,0.0,12.6,0.952,0.913,100.0,100.0,-9.5,3
jazz,0,soft_vad_leaky,95.2,100.0,4.2,0.0,0.952,0.937,100.0,100.0,4.8,3
rock,-15,primary_noisy,0.0,9.5,100.0,158.1,0.0,0.487,0.0,100.0,9.5,3
rock,-15,fir_bp,0.0,4.8,100.0,173.3,0.0,0.472,0.0,100.0,4.8,3
rock,-15,notch,0.0,14.3,100.0,146.9,0.0,0.477,0.0,100.0,14.3,3
rock,-15,base_nlms,0.0,13.7,100.0,154.0,0.0,0.446,0.0,100.0,13.7,3
rock,-15,soft_vad_leaky,0.0,9.5,100.0,153.9,0.0,0.442,0.0,100.0,9.5,3
rock,-10,primary_noisy,0.0,8.9,100.0,122.7,0.0,0.408,0.0,100.0,8.9,3
rock,-10,fir_bp,0.0,9.5,100.0,135.9,0.0,0.452,0.0,100.0,9.5,3
rock,-10,notch,0.0,14.3,100.0,129.7,0.0,0.449,0.0,100.0,14.3,3
rock,-10,base_nlms,0.0,8.9,100.0,114.9,0.0,0.435,0.0,100.0,8.9,3
rock,-10,soft_vad_leaky,0.0,4.8,100.0,126.4,0.0,0.425,0.0,100.0,4.8,3
rock,0,primary_noisy,85.7,91.1,16.7,11.6,0.949,0.782,100.0,100.0,5.4,3
rock,0,fir_bp,33.3,76.2,66.7,26.8,0.952,0.707,66.7,100.0,42.8,3
rock,0,notch,66.7,86.3,33.3,12.6,0.952,0.778,100.0,100.0,19.6,3
rock,0,base_nlms,90.5,95.2,8.3,8.3,0.94,0.789,100.0,100.0,4.8,3
rock,0,soft_vad_leaky,85.7,90.5,16.7,8.3,0.947,0.84,100.0,100.0,4.8,3
techno,-15,primary_noisy,16.7,32.7,85.2,64.2,0.941,0.472,33.3,100.0,16.1,3
techno,-15,fir_bp,12.5,23.2,88.9,96.3,0.939,0.376,33.3,100.0,10.7,3
techno,-15,notch,16.7,32.7,85.2,84.8,0.94,0.443,33.3,100.0,16.1,3
techno,-15,base_nlms,57.7,23.8,45.5,98.2,0.946,0.494,100.0,100.0,-33.9,3
techno,-15,soft_vad_leaky,43.5,28.6,56.1,72.0,0.943,0.488,100.0,100.0,-14.9,3
techno,-10,primary_noisy,61.9,72.6,38.1,32.5,0.95,0.75,100.0,100.0,10.7,3
techno,-10,fir_bp,29.2,38.1,70.4,63.7,0.951,0.507,33.3,100.0,8.9,3
techno,-10,notch,61.9,72.6,38.1,32.5,0.951,0.754,100.0,100.0,10.7,3
techno,-10,base_nlms,81.0,85.7,20.8,20.8,0.952,0.778,100.0,100.0,4.7,3
techno,-10,soft_vad_leaky,80.9,67.3,21.4,37.6,0.913,0.728,100.0,100.0,-13.7,3
techno,0,primary_noisy,100.0,100.0,0.0,3.7,0.952,0.928,100.0,100.0,0.0,3
techno,0,fir_bp,95.2,85.7,4.2,17.4,0.952,0.835,100.0,100.0,-9.5,3
techno,0,notch,100.0,95.2,0.0,7.9,0.952,0.925,100.0,100.0,-4.8,3
techno,0,base_nlms,95.2,95.2,4.2,4.2,0.952,0.876,100.0,100.0,0.0,3
techno,0,soft_vad_leaky,100.0,95.2,0.0,4.2,0.952,0.922,100.0,100.0,-4.8,3
