Filename,Venue,Genre,SNR_dB,Sentence_ID,Gender,Filter_Stage,STOI,PESQ,Delta_SNR_dB,Ground_Truth,Actual_Whisper_Response,Status,Mean_Word_Confidence,Min_Word_Confidence,Avg_Logprob,No_Speech_Prob,Correct_Words,Total_Words,Word_Recall_Pct,WER_Pct,Word_Confidence_Details
club_jazz_snr-10_sent01_01_primary_noisy.wav,club,jazz,-10,sent01,female,primary_noisy,0.3731,1.267,0.0,The bill was paid every third week,the bill was paying every third pay,OK,0.7434,0.101,-0.566,0.1199,5,7,71.4,28.6,the:0.53 | bill:0.98 | was:0.97 | paying:0.72 | every:0.97 | third:0.93 | pay:0.10
club_jazz_snr-10_sent01_02_fir_bp.wav,club,jazz,-10,sent01,female,fir_bp,0.3488,1.204,1.59,The bill was paid every third week,the film is made every third week,OK,0.5098,0.0584,-0.9325,0.2308,4,7,57.1,42.9,the:0.06 | film:0.76 | is:0.49 | made:0.15 | every:0.95 | third:0.41 | week:0.76
club_jazz_snr-10_sent01_03_notch.wav,club,jazz,-10,sent01,female,notch,0.3758,1.278,0.75,The bill was paid every third week,the bill was paying every third pay,OK,0.7647,0.1039,-0.5499,0.1364,5,7,71.4,28.6,the:0.56 | bill:0.98 | was:0.96 | paying:0.84 | every:0.97 | third:0.94 | pay:0.10
club_jazz_snr-10_sent01_04_base_nlms.wav,club,jazz,-10,sent01,female,base_nlms,0.4891,1.467,11.9,The bill was paid every third week,the bill was paid every third week,OK,0.9492,0.8276,-0.3484,0.0212,7,7,100.0,0.0,the:0.83 | bill:0.99 | was:0.99 | paid:0.89 | every:0.99 | third:0.96 | week:0.99
club_jazz_snr-10_sent01_05_soft_vad_leaky.wav,club,jazz,-10,sent01,female,soft_vad_leaky,0.4137,1.423,7.63,The bill was paid every third week,the bill was paying every third week,OK,0.8705,0.5528,-0.4307,0.0324,6,7,85.7,14.3,the:0.75 | bill:0.97 | was:0.98 | paying:0.90 | every:0.99 | third:0.96 | week:0.55
club_jazz_snr-10_sent02_01_primary_noisy.wav,club,jazz,-10,sent02,male,primary_noisy,0.4554,1.314,0.0,Glue the sheet to the dark blue background,where the shot turned out to be bad for you,OK,0.4783,0.0447,-1.0926,0.1548,2,8,28.6,100.0,where:0.05 | the:0.78 | shot:0.09 | turned:0.43 | out:0.58 | to:0.86 | be:0.95 | bad:0.04 | for:0.30 | you:0.71
club_jazz_snr-10_sent02_02_fir_bp.wav,club,jazz,-10,sent02,male,fir_bp,0.4385,1.21,2.82,Glue the sheet to the dark blue background,im gonna show you how to do that,OK,0.3564,0.115,-1.211,0.2753,1,8,14.3,100.0,im:0.12 | gonna:0.16 | show:0.29 | you:0.72 | how:0.17 | to:0.72 | do:0.15 | that:0.54
club_jazz_snr-10_sent02_03_notch.wav,club,jazz,-10,sent02,male,notch,0.4569,1.312,1.61,Glue the sheet to the dark blue background,where the shot turned out to be blackberry,OK,0.4893,0.0323,-1.0928,0.1575,2,8,28.6,87.5,where:0.03 | the:0.82 | shot:0.11 | turned:0.50 | out:0.52 | to:0.83 | be:0.94 | blackberry:0.15
club_jazz_snr-10_sent02_04_base_nlms.wav,club,jazz,-10,sent02,male,base_nlms,0.6344,1.388,11.98,Glue the sheet to the dark blue background,blue the shape to the dark blue background,OK,0.7398,0.0763,-0.613,0.0673,5,8,71.4,25.0,blue:0.08 | the:0.89 | shape:0.36 | to:0.74 | the:0.96 | dark:0.98 | blue:0.98 | background:0.94
club_jazz_snr-10_sent02_05_soft_vad_leaky.wav,club,jazz,-10,sent02,male,soft_vad_leaky,0.5213,1.373,7.47,Glue the sheet to the dark blue background,the shape will darken backwards,OK,0.3282,0.0692,-1.0543,0.1619,1,8,14.3,87.5,the:0.07 | shape:0.10 | will:0.41 | darken:0.76 | backwards:0.30
club_jazz_snr-10_sent03_01_primary_noisy.wav,club,jazz,-10,sent03,female,primary_noisy,0.5252,1.294,0.0,These days a chicken leg is a rare dish,these days i check in late and it doesnt hurt at all,OK,0.5937,0.2726,-0.6704,0.1994,2,9,25.0,111.1,these:0.27 | days:1.00 | i:0.51 | check:0.38 | in:0.83 | late:0.27 | and:0.35 | it:0.64 | doesnt:0.72 | hurt:0.64 | at:0.52 | all:0.97
club_jazz_snr-10_sent03_02_fir_bp.wav,club,jazz,-10,sent03,female,fir_bp,0.5056,1.197,1.23,These days a chicken leg is a rare dish,be safe and keep in mind that its a good day,OK,0.469,0.0283,-1.05,0.2977,1,9,12.5,111.1,be:0.03 | safe:0.85 | and:0.88 | keep:0.45 | in:0.52 | mind:0.50 | that:0.29 | its:0.22 | a:0.23 | good:0.29 | day:0.90
club_jazz_snr-10_sent03_03_notch.wav,club,jazz,-10,sent03,female,notch,0.5261,1.298,0.73,These days a chicken leg is a rare dish,these days i check in late and it doesnt hurt at all,OK,0.5839,0.246,-0.7019,0.1639,2,9,25.0,111.1,these:0.25 | days:0.99 | i:0.37 | check:0.42 | in:0.80 | late:0.25 | and:0.36 | it:0.62 | doesnt:0.72 | hurt:0.73 | at:0.53 | all:0.97
club_jazz_snr-10_sent03_04_base_nlms.wav,club,jazz,-10,sent03,female,base_nlms,0.6241,1.35,10.52,These days a chicken leg is a rare dish,these days a chicken leg is a rare dish,OK,0.8423,0.2357,-0.4795,0.0166,8,9,100.0,0.0,these:0.76 | days:0.99 | a:0.90 | chicken:0.99 | leg:0.99 | is:0.91 | a:0.24 | rare:0.81 | dish:1.00
club_jazz_snr-10_sent03_05_soft_vad_leaky.wav,club,jazz,-10,sent03,female,soft_vad_leaky,0.5744,1.358,7.22,These days a chicken leg is a rare dish,these days a chicken leg isnt her dish,OK,0.7803,0.4736,-0.4809,0.0448,6,9,75.0,33.3,these:0.70 | days:0.99 | a:0.68 | chicken:0.99 | leg:0.99 | isnt:0.74 | her:0.47 | dish:0.68
club_jazz_snr-15_sent01_01_primary_noisy.wav,club,jazz,-15,sent01,female,primary_noisy,0.2634,1.211,0.0,The bill was paid every third week,you know what i mean every night i can move away,OK,0.3363,0.0088,-1.3381,0.3755,1,7,14.3,142.9,you:0.01 | know:0.20 | what:0.47 | i:0.14 | mean:0.71 | every:0.46 | night:0.07 | i:0.24 | can:0.66 | move:0.44 | away:0.30
club_jazz_snr-15_sent01_02_fir_bp.wav,club,jazz,-15,sent01,female,fir_bp,0.2394,1.173,2.05,The bill was paid every third week,i dont know what youre gonna do,OK,0.2779,0.0044,-1.4502,0.3101,0,7,0.0,100.0,i:0.00 | dont:0.52 | know:0.41 | what:0.18 | youre:0.27 | gonna:0.15 | do:0.41
club_jazz_snr-15_sent01_03_notch.wav,club,jazz,-15,sent01,female,notch,0.2660,1.218,0.75,The bill was paid every third week,you always make every nerve that you can move away,OK,0.3328,0.0092,-1.2507,0.3273,1,7,14.3,142.9,you:0.01 | always:0.08 | make:0.49 | every:0.70 | nerve:0.37 | that:0.07 | you:0.88 | can:0.16 | move:0.31 | away:0.26
club_jazz_snr-15_sent01_04_base_nlms.wav,club,jazz,-15,sent01,female,base_nlms,0.3952,1.345,13.0,The bill was paid every third week,the bill was paid every third pay,OK,0.7295,0.4394,-0.5764,0.0563,6,7,85.7,14.3,the:0.70 | bill:0.63 | was:0.96 | paid:0.66 | every:0.96 | third:0.77 | pay:0.44
club_jazz_snr-15_sent01_05_soft_vad_leaky.wav,club,jazz,-15,sent01,female,soft_vad_leaky,0.2908,1.305,7.82,The bill was paid every third week,the bill is paying every third,OK,0.5945,0.3049,-0.7535,0.3216,4,7,57.1,42.9,the:0.30 | bill:0.79 | is:0.45 | paying:0.88 | every:0.81 | third:0.33
club_jazz_snr-15_sent02_01_primary_noisy.wav,club,jazz,-15,sent02,male,primary_noisy,0.3509,1.264,0.0,Glue the sheet to the dark blue background,im gonna show you how to do it,OK,0.3219,0.1102,-1.1605,0.2843,1,8,14.3,100.0,im:0.11 | gonna:0.15 | show:0.38 | you:0.58 | how:0.21 | to:0.53 | do:0.19 | it:0.43
club_jazz_snr-15_sent02_02_fir_bp.wav,club,jazz,-15,sent02,male,fir_bp,0.3412,1.189,3.73,Glue the sheet to the dark blue background,thank you very much,OK,0.4973,0.0035,-1.2441,0.4311,0,8,0.0,100.0,thank:0.00 | you:0.91 | very:0.09 | much:0.99
club_jazz_snr-15_sent02_03_notch.wav,club,jazz,-15,sent02,male,notch,0.3508,1.262,1.61,Glue the sheet to the dark blue background,im going to show you how to do it,OK,0.3693,0.0961,-1.1015,0.3054,1,8,14.3,112.5,im:0.10 | going:0.10 | to:0.90 | show:0.34 | you:0.62 | how:0.19 | to:0.44 | do:0.20 | it:0.43
club_jazz_snr-15_sent02_04_base_nlms.wav,club,jazz,-15,sent02,male,base_nlms,0.5131,1.29,13.25,Glue the sheet to the dark blue background,we decided to drop my backpack,OK,0.3612,0.056,-1.0413,0.2263,1,8,14.3,87.5,we:0.06 | decided:0.23 | to:0.62 | drop:0.19 | my:0.56 | backpack:0.52
club_jazz_snr-15_sent02_05_soft_vad_leaky.wav,club,jazz,-15,sent02,male,soft_vad_leaky,0.4055,1.301,7.78,Glue the sheet to the dark blue background,im gonna show you what im gonna do,OK,0.3673,0.1116,-1.1123,0.3108,0,8,0.0,100.0,im:0.13 | gonna:0.28 | show:0.27 | you:0.45 | what:0.11 | im:0.63 | gonna:0.66 | do:0.41
club_jazz_snr-15_sent03_01_primary_noisy.wav,club,jazz,-15,sent03,female,primary_noisy,0.4210,1.237,0.0,These days a chicken leg is a rare dish,please stay safe check in later,OK,0.244,0.0349,-1.208,0.4203,0,9,0.0,100.0,please:0.03 | stay:0.29 | safe:0.21 | check:0.28 | in:0.34 | later:0.31
club_jazz_snr-15_sent03_02_fir_bp.wav,club,jazz,-15,sent03,female,fir_bp,0.4048,1.173,1.86,These days a chicken leg is a rare dish,im not going to get away with you,OK,0.3463,0.0937,-1.4498,0.4035,0,9,0.0,100.0,im:0.10 | not:0.09 | going:0.11 | to:0.87 | get:0.10 | away:0.15 | with:0.62 | you:0.72
club_jazz_snr-15_sent03_03_notch.wav,club,jazz,-15,sent03,female,notch,0.4219,1.239,0.73,These days a chicken leg is a rare dish,please stay safe and check in later,OK,0.2429,0.0517,-1.1916,0.3598,0,9,0.0,100.0,please:0.05 | stay:0.28 | safe:0.20 | and:0.08 | check:0.43 | in:0.32 | later:0.33
club_jazz_snr-15_sent03_04_base_nlms.wav,club,jazz,-15,sent03,female,base_nlms,0.5315,1.282,12.23,These days a chicken leg is a rare dish,these days im chicken leg as a girl,OK,0.5398,0.164,-0.8095,0.1364,5,9,62.5,44.4,these:0.48 | days:0.99 | im:0.18 | chicken:0.78 | leg:0.56 | as:0.16 | a:0.86 | girl:0.29
club_jazz_snr-15_sent03_05_soft_vad_leaky.wav,club,jazz,-15,sent03,female,soft_vad_leaky,0.4501,1.279,7.48,These days a chicken leg is a rare dish,these days i checked in later,OK,0.4228,0.0312,-1.0094,0.3803,2,9,25.0,77.8,these:0.03 | days:0.99 | i:0.57 | checked:0.40 | in:0.16 | later:0.39
club_jazz_snr0_sent01_01_primary_noisy.wav,club,jazz,0,sent01,female,primary_noisy,0.5985,1.687,0.0,The bill was paid every third week,the bill was paid every third week,OK,0.9678,0.8589,-0.3643,0.0081,7,7,100.0,0.0,the:0.86 | bill:0.99 | was:1.00 | paid:0.97 | every:1.00 | third:0.96 | week:1.00
club_jazz_snr0_sent01_02_fir_bp.wav,club,jazz,0,sent01,female,fir_bp,0.5580,1.335,-2.16,The bill was paid every third week,the bill was paid every third week,OK,0.8898,0.6881,-0.4084,0.047,7,7,100.0,0.0,the:0.73 | bill:0.94 | was:0.69 | paid:0.96 | every:0.98 | third:0.95 | week:0.98
club_jazz_snr0_sent01_03_notch.wav,club,jazz,0,sent01,female,notch,0.6014,1.717,0.7,The bill was paid every third week,the bill was paid every third week,OK,0.9671,0.8767,-0.3666,0.0071,7,7,100.0,0.0,the:0.88 | bill:0.99 | was:1.00 | paid:0.96 | every:0.99 | third:0.96 | week:1.00
club_jazz_snr0_sent01_04_base_nlms.wav,club,jazz,0,sent01,female,base_nlms,0.5529,1.517,3.6,The bill was paid every third week,the bill was paying every third week,OK,0.9075,0.5807,-0.4221,0.0064,6,7,85.7,14.3,the:0.86 | bill:0.98 | was:0.99 | paying:0.58 | every:0.99 | third:0.95 | week:0.99
club_jazz_snr0_sent01_05_soft_vad_leaky.wav,club,jazz,0,sent01,female,soft_vad_leaky,0.6147,1.964,6.39,The bill was paid every third week,the bill was paid every third week,OK,0.9697,0.8717,-0.371,0.0088,7,7,100.0,0.0,the:0.87 | bill:0.99 | was:1.00 | paid:0.99 | every:0.99 | third:0.95 | week:1.00
club_jazz_snr0_sent02_01_primary_noisy.wav,club,jazz,0,sent02,male,primary_noisy,0.7233,1.627,0.0,Glue the sheet to the dark blue background,blue the shape to the dark blue background,OK,0.8326,0.2836,-0.4298,0.0256,5,8,71.4,25.0,blue:0.28 | the:0.99 | shape:0.55 | to:0.93 | the:0.93 | dark:0.99 | blue:0.99 | background:1.00
club_jazz_snr0_sent02_02_fir_bp.wav,club,jazz,0,sent02,male,fir_bp,0.6794,1.298,-2.62,Glue the sheet to the dark blue background,blue the sheep to the dark blue background,OK,0.7454,0.427,-0.4737,0.049,5,8,71.4,25.0,blue:0.43 | the:0.52 | sheep:0.62 | to:0.52 | the:0.96 | dark:0.98 | blue:0.98 | background:0.94
club_jazz_snr0_sent02_03_notch.wav,club,jazz,0,sent02,male,notch,0.7272,1.615,1.58,Glue the sheet to the dark blue background,glue the sheet to the dark blue background,OK,0.8603,0.3316,-0.3983,0.0306,7,8,100.0,0.0,glue:0.33 | the:0.99 | sheet:0.68 | to:0.98 | the:0.95 | dark:0.99 | blue:0.96 | background:1.00
club_jazz_snr0_sent02_04_base_nlms.wav,club,jazz,0,sent02,male,base_nlms,0.7689,1.568,3.03,Glue the sheet to the dark blue background,glue the shape to the dark blue background,OK,0.8884,0.525,-0.3406,0.0188,6,8,85.7,12.5,glue:0.53 | the:0.99 | shape:0.76 | to:0.98 | the:0.95 | dark:0.99 | blue:0.90 | background:1.00
club_jazz_snr0_sent02_05_soft_vad_leaky.wav,club,jazz,0,sent02,male,soft_vad_leaky,0.7553,1.635,4.24,Glue the sheet to the dark blue background,glue the sheet to the dark blue background,OK,0.8694,0.3225,-0.3998,0.0106,7,8,100.0,0.0,glue:0.32 | the:0.99 | sheet:0.72 | to:0.99 | the:0.97 | dark:0.99 | blue:0.98 | background:1.00
club_jazz_snr0_sent03_01_primary_noisy.wav,club,jazz,0,sent03,female,primary_noisy,0.7530,1.637,0.0,These days a chicken leg is a rare dish,these days a chicken leg is a rare dish,OK,0.9621,0.8847,-0.3495,0.0092,8,9,100.0,0.0,these:0.88 | days:0.97 | a:0.94 | chicken:0.99 | leg:1.00 | is:0.99 | a:0.89 | rare:0.99 | dish:1.00
club_jazz_snr0_sent03_02_fir_bp.wav,club,jazz,0,sent03,female,fir_bp,0.7132,1.288,-3.22,These days a chicken leg is a rare dish,these days a chicken leg is a rare day,OK,0.8788,0.6588,-0.4174,0.024,7,9,87.5,11.1,these:0.79 | days:0.99 | a:0.82 | chicken:0.98 | leg:1.00 | is:0.97 | a:0.66 | rare:0.97 | day:0.72
club_jazz_snr0_sent03_03_notch.wav,club,jazz,0,sent03,female,notch,0.7546,1.639,0.71,These days a chicken leg is a rare dish,these days a chicken leg is a rare dish,OK,0.9412,0.7775,-0.3481,0.0083,8,9,100.0,0.0,these:0.87 | days:0.97 | a:0.78 | chicken:0.99 | leg:0.99 | is:0.97 | a:0.90 | rare:0.99 | dish:1.00
club_jazz_snr0_sent03_04_base_nlms.wav,club,jazz,0,sent03,female,base_nlms,0.6983,1.405,2.13,These days a chicken leg is a rare dish,these days a chicken leg is in rare dish,OK,0.9433,0.8631,-0.3369,0.0111,8,9,100.0,11.1,these:0.86 | days:0.98 | a:0.98 | chicken:0.99 | leg:1.00 | is:0.99 | in:0.87 | rare:0.87 | dish:0.95
club_jazz_snr0_sent03_05_soft_vad_leaky.wav,club,jazz,0,sent03,female,soft_vad_leaky,0.7857,1.708,5.23,These days a chicken leg is a rare dish,these days a chicken leg is a rare dish,OK,0.9721,0.8846,-0.3307,0.0048,8,9,100.0,0.0,these:0.88 | days:0.97 | a:0.96 | chicken:0.99 | leg:1.00 | is:0.99 | a:0.96 | rare:0.99 | dish:1.00
club_rock_snr-10_sent01_01_primary_noisy.wav,club,rock,-10,sent01,female,primary_noisy,0.2994,1.268,0.0,The bill was paid every third week,thats always a way my every pocket sure started to run out,OK,0.4161,0.1178,-1.004,0.1854,1,7,14.3,157.1,thats:0.33 | always:0.42 | a:0.39 | way:0.91 | my:0.52 | every:0.25 | pocket:0.83 | sure:0.41 | started:0.33 | to:0.12 | run:0.20 | out:0.28
club_rock_snr-10_sent01_02_fir_bp.wav,club,rock,-10,sent01,female,fir_bp,0.3017,1.252,4.89,The bill was paid every third week,that girl was with my fucking shirt under my mask,OK,0.4281,0.0624,-0.9807,0.255,1,7,14.3,128.6,that:0.32 | girl:0.36 | was:0.87 | with:0.18 | my:0.90 | fucking:0.06 | shirt:0.33 | under:0.48 | my:0.26 | mask:0.51
club_rock_snr-10_sent01_03_notch.wav,club,rock,-10,sent01,female,notch,0.2960,1.265,0.26,The bill was paid every third week,thats always the way my every pocket sure is worth your money,OK,0.5,0.1263,-0.8843,0.1925,2,7,28.6,157.1,thats:0.44 | always:0.47 | the:0.59 | way:0.97 | my:0.56 | every:0.13 | pocket:0.86 | sure:0.33 | is:0.47 | worth:0.15 | your:0.40 | money:0.63
club_rock_snr-10_sent01_04_base_nlms.wav,club,rock,-10,sent01,female,base_nlms,0.3952,1.268,9.46,The bill was paid every third week,thats always great everyone im sure its one of them why,OK,0.4325,0.1537,-0.9059,0.1614,0,7,0.0,157.1,thats:0.40 | always:0.22 | great:0.24 | everyone:0.15 | im:0.45 | sure:0.25 | its:0.69 | one:0.41 | of:0.91 | them:0.61 | why:0.42
club_rock_snr-10_sent01_05_soft_vad_leaky.wav,club,rock,-10,sent01,female,soft_vad_leaky,0.3334,1.307,6.06,The bill was paid every third week,thats always a way like every pocket should start from one hand,OK,0.515,0.1944,-0.8088,0.1729,1,7,14.3,157.1,thats:0.40 | always:0.88 | a:0.35 | way:0.93 | like:0.43 | every:0.79 | pocket:0.43 | should:0.25 | start:0.51 | from:0.19 | one:0.39 | hand:0.65
club_rock_snr-10_sent02_01_primary_noisy.wav,club,rock,-10,sent02,male,primary_noisy,0.4135,1.322,0.0,Glue the sheet to the dark blue background,thats not something we might not apologize for,OK,0.416,0.0915,-1.1113,0.1501,0,8,0.0,100.0,thats:0.46 | not:0.09 | something:0.22 | we:0.64 | might:0.59 | not:0.36 | apologize:0.09 | for:0.87
club_rock_snr-10_sent02_02_fir_bp.wav,club,rock,-10,sent02,male,fir_bp,0.4098,1.243,4.25,Glue the sheet to the dark blue background,that has to do with my wifes pocket sugar,OK,0.4412,0.0955,-0.998,0.2441,1,8,14.3,112.5,that:0.11 | has:0.10 | to:0.70 | do:0.54 | with:0.72 | my:0.88 | wifes:0.20 | pocket:0.41 | sugar:0.32
club_rock_snr-10_sent02_03_notch.wav,club,rock,-10,sent02,male,notch,0.4150,1.323,0.25,Glue the sheet to the dark blue background,thats the issue with my dog pocket shoes,OK,0.4418,0.0337,-1.0427,0.1423,1,8,14.3,87.5,thats:0.56 | the:0.26 | issue:0.03 | with:0.61 | my:0.93 | dog:0.17 | pocket:0.17 | shoes:0.81
club_rock_snr-10_sent02_04_base_nlms.wav,club,rock,-10,sent02,male,base_nlms,0.5285,1.28,8.67,Glue the sheet to the dark blue background,emission of the dog consciousness,OK,0.2529,0.0843,-1.2026,0.153,1,8,14.3,87.5,emission:0.53 | of:0.17 | the:0.15 | dog:0.33 | consciousness:0.08
club_rock_snr-10_sent02_05_soft_vad_leaky.wav,club,rock,-10,sent02,male,soft_vad_leaky,0.4351,1.33,5.53,Glue the sheet to the dark blue background,especially with my own pocket shoes,OK,0.3864,0.0344,-1.1329,0.1755,0,8,0.0,100.0,especially:0.03 | with:0.49 | my:0.65 | own:0.10 | pocket:0.48 | shoes:0.57
club_rock_snr-10_sent03_01_primary_noisy.wav,club,rock,-10,sent03,female,primary_noisy,0.3451,1.305,0.0,These days a chicken leg is a rare dish,thats how you live like a populationist of their nation,OK,0.3915,0.1209,-1.2023,0.1396,1,9,12.5,111.1,thats:0.62 | how:0.14 | you:0.93 | live:0.63 | like:0.17 | a:0.62 | populationist:0.22 | of:0.31 | their:0.12 | nation:0.16
club_rock_snr-10_sent03_02_fir_bp.wav,club,rock,-10,sent03,female,fir_bp,0.3327,1.229,4.41,These days a chicken leg is a rare dish,that today was not like talking to each other but it was not like that,OK,0.4855,0.2239,-0.8724,0.1604,0,9,0.0,166.7,that:0.38 | today:0.22 | was:0.56 | not:0.27 | like:0.44 | talking:0.81 | to:0.64 | each:0.30 | other:0.98 | but:0.38 | it:0.49 | was:0.59 | not:0.36 | like:0.58 | that:0.29
club_rock_snr-10_sent03_03_notch.wav,club,rock,-10,sent03,female,notch,0.3416,1.293,0.25,These days a chicken leg is a rare dish,thats how you live with my dr thomas schuss the mayor of washington,OK,0.406,0.0422,-1.1088,0.125,0,9,0.0,144.4,thats:0.66 | how:0.17 | you:0.93 | live:0.70 | with:0.11 | my:0.73 | dr:0.04 | thomas:0.20 | schuss:0.36 | the:0.13 | mayor:0.21 | of:0.78 | washington:0.25
club_rock_snr-10_sent03_04_base_nlms.wav,club,rock,-10,sent03,female,base_nlms,0.5017,1.303,9.3,These days a chicken leg is a rare dish,next day ill check out any of the program dish,OK,0.6199,0.0595,-0.7669,0.1076,1,9,12.5,100.0,next:0.18 | day:0.91 | ill:0.49 | check:0.74 | out:0.84 | any:0.55 | of:0.68 | the:0.87 | program:0.06 | dish:0.88
club_rock_snr-10_sent03_05_soft_vad_leaky.wav,club,rock,-10,sent03,female,soft_vad_leaky,0.3885,1.325,5.97,These days a chicken leg is a rare dish,best day with my type of job issues and their passion,OK,0.3726,0.0143,-1.2797,0.1689,0,9,0.0,122.2,best:0.30 | day:0.72 | with:0.55 | my:0.52 | type:0.01 | of:0.85 | job:0.07 | issues:0.54 | and:0.18 | their:0.10 | passion:0.26
club_rock_snr-15_sent01_01_primary_noisy.wav,club,rock,-15,sent01,female,primary_noisy,0.2229,1.23,0.0,The bill was paid every third week,thats not the way back up the pocket shoes that i dont want,OK,0.4872,0.1143,-0.8703,0.2088,1,7,14.3,171.4,thats:0.57 | not:0.50 | the:0.21 | way:0.84 | back:0.11 | up:0.60 | the:0.34 | pocket:0.53 | shoes:0.15 | that:0.21 | i:0.76 | dont:0.66 | want:0.86
club_rock_snr-15_sent01_02_fir_bp.wav,club,rock,-15,sent01,female,fir_bp,0.2338,1.223,5.95,The bill was paid every third week,thats how to live my life why should i just want to live my life,OK,0.4239,0.0485,-1.044,0.1786,0,7,0.0,214.3,thats:0.25 | how:0.18 | to:0.15 | live:0.68 | my:0.27 | life:0.63 | why:0.15 | should:0.75 | i:0.40 | just:0.05 | want:0.27 | to:0.79 | live:0.21 | my:0.67 | life:0.92
club_rock_snr-15_sent01_03_notch.wav,club,rock,-15,sent01,female,notch,0.2203,1.229,0.27,The bill was paid every third week,thats not the way back up the pocket shoes that i dont want,OK,0.4919,0.1284,-0.892,0.2179,1,7,14.3,171.4,thats:0.62 | not:0.63 | the:0.26 | way:0.85 | back:0.13 | up:0.46 | the:0.25 | pocket:0.57 | shoes:0.18 | that:0.27 | i:0.78 | dont:0.56 | want:0.83
club_rock_snr-15_sent01_04_base_nlms.wav,club,rock,-15,sent01,female,base_nlms,0.2982,1.219,10.06,The bill was paid every third week,thats also the way to buy the pocket shirt so i dont know why,OK,0.5461,0.1988,-0.777,0.201,1,7,14.3,185.7,thats:0.46 | also:0.64 | the:0.51 | way:0.69 | to:0.26 | buy:0.39 | the:0.54 | pocket:0.78 | shirt:0.26 | so:0.20 | i:0.81 | dont:0.87 | know:0.23 | why:0.99
club_rock_snr-15_sent01_05_soft_vad_leaky.wav,club,rock,-15,sent01,female,soft_vad_leaky,0.2494,1.258,6.31,The bill was paid every third week,thats also the way about that pocket shirt so i dont want it,OK,0.5461,0.0804,-0.8746,0.2576,1,7,14.3,171.4,thats:0.48 | also:0.36 | the:0.92 | way:0.98 | about:0.08 | that:0.30 | pocket:0.78 | shirt:0.69 | so:0.27 | i:0.65 | dont:0.63 | want:0.47 | it:0.50
club_rock_snr-15_sent02_01_primary_noisy.wav,club,rock,-15,sent02,male,primary_noisy,0.3199,1.274,0.0,Glue the sheet to the dark blue background,thats much of the way my dog pocket sure is there,OK,0.4283,0.0755,-0.9952,0.2,1,8,14.3,125.0,thats:0.53 | much:0.08 | of:0.16 | the:0.79 | way:0.69 | my:0.70 | dog:0.51 | pocket:0.27 | sure:0.22 | is:0.59 | there:0.17
club_rock_snr-15_sent02_02_fir_bp.wav,club,rock,-15,sent02,male,fir_bp,0.3231,1.218,5.55,Glue the sheet to the dark blue background,that has to do it but im not making sure of that,OK,0.4977,0.0959,-0.8892,0.2025,1,8,14.3,150.0,that:0.43 | has:0.10 | to:0.50 | do:0.54 | it:0.40 | but:0.54 | im:0.48 | not:0.87 | making:0.23 | sure:0.97 | of:0.13 | that:0.79
club_rock_snr-15_sent02_03_notch.wav,club,rock,-15,sent02,male,notch,0.3216,1.275,0.27,Glue the sheet to the dark blue background,thats much to the way my doctor pocket sure is there,OK,0.4301,0.0645,-0.9338,0.1707,2,8,28.6,125.0,thats:0.60 | much:0.06 | to:0.49 | the:0.19 | way:0.44 | my:0.82 | doctor:0.19 | pocket:0.41 | sure:0.34 | is:0.76 | there:0.42
club_rock_snr-15_sent02_04_base_nlms.wav,club,rock,-15,sent02,male,base_nlms,0.4225,1.229,9.5,Glue the sheet to the dark blue background,thats the only part about the pockets,OK,0.3037,0.1734,-1.2272,0.2636,1,8,14.3,87.5,thats:0.41 | the:0.17 | only:0.19 | part:0.44 | about:0.30 | the:0.36 | pockets:0.26
club_rock_snr-15_sent02_05_soft_vad_leaky.wav,club,rock,-15,sent02,male,soft_vad_leaky,0.3308,1.276,5.78,Glue the sheet to the dark blue background,thats especially the way my dog pockets show us that,OK,0.4306,0.0487,-1.0257,0.2414,1,8,14.3,112.5,thats:0.52 | especially:0.05 | the:0.74 | way:0.62 | my:0.22 | dog:0.62 | pockets:0.43 | show:0.18 | us:0.42 | that:0.52
club_rock_snr-15_sent03_01_primary_noisy.wav,club,rock,-15,sent03,female,primary_noisy,0.2307,1.257,0.0,These days a chicken leg is a rare dish,thats how you get rid of my fucking pocket shoes that i dont want to have,OK,0.5458,0.0597,-0.8325,0.1696,0,9,0.0,177.8,thats:0.58 | how:0.19 | you:0.31 | get:0.12 | rid:0.81 | of:0.99 | my:0.90 | fucking:0.12 | pocket:0.63 | shoes:0.60 | that:0.06 | i:0.63 | dont:0.65 | want:0.72 | to:0.48 | have:0.94
club_rock_snr-15_sent03_02_fir_bp.wav,club,rock,-15,sent03,female,fir_bp,0.2182,1.205,5.83,These days a chicken leg is a rare dish,thats how you live my life talking to each other while im at it,OK,0.4955,0.094,-0.8945,0.146,0,9,0.0,155.6,thats:0.36 | how:0.13 | you:0.82 | live:0.37 | my:0.30 | life:0.64 | talking:0.44 | to:0.51 | each:0.09 | other:0.99 | while:0.48 | im:0.48 | at:0.42 | it:0.90
club_rock_snr-15_sent03_03_notch.wav,club,rock,-15,sent03,female,notch,0.2277,1.249,0.26,These days a chicken leg is a rare dish,thats how to deal with my dog and pocket shoes under one hand,OK,0.508,0.145,-0.8392,0.1459,0,9,0.0,144.4,thats:0.62 | how:0.18 | to:0.14 | deal:0.49 | with:1.00 | my:0.90 | dog:0.16 | and:0.17 | pocket:0.61 | shoes:0.82 | under:0.17 | one:0.48 | hand:0.85
club_rock_snr-15_sent03_04_base_nlms.wav,club,rock,-15,sent03,female,base_nlms,0.3659,1.242,10.16,These days a chicken leg is a rare dish,thats the end of what were about to talk about its not going to be a long time,OK,0.4868,0.06,-0.9806,0.253,1,9,12.5,188.9,thats:0.52 | the:0.20 | end:0.17 | of:0.90 | what:0.06 | were:0.34 | about:0.40 | to:0.98 | talk:0.62 | about:0.90 | its:0.31 | not:0.20 | going:0.37 | to:0.94 | be:0.56 | a:0.62 | long:0.13 | time:0.54
club_rock_snr-15_sent03_05_soft_vad_leaky.wav,club,rock,-15,sent03,female,soft_vad_leaky,0.2591,1.268,6.21,These days a chicken leg is a rare dish,thats what i think about that pocket shirt so im going to go to the bathroom,OK,0.3499,0.0855,-1.1254,0.1594,0,9,0.0,177.8,thats:0.54 | what:0.19 | i:0.22 | think:0.27 | about:0.40 | that:0.24 | pocket:0.19 | shirt:0.35 | so:0.19 | im:0.53 | going:0.21 | to:0.93 | go:0.09 | to:0.20 | the:0.35 | bathroom:0.71
club_rock_snr0_sent01_01_primary_noisy.wav,club,rock,0,sent01,female,primary_noisy,0.4940,1.52,0.0,The bill was paid every third week,the bill was paid every third week,OK,0.7242,0.146,-0.6539,0.029,7,7,100.0,0.0,the:0.18 | bill:0.99 | was:0.99 | paid:0.89 | every:0.98 | third:0.15 | week:0.89
club_rock_snr0_sent01_02_fir_bp.wav,club,rock,0,sent01,female,fir_bp,0.4786,1.358,-1.07,The bill was paid every third week,the bill was made every thursday,OK,0.6872,0.2908,-0.6312,0.048,4,7,57.1,42.9,the:0.29 | bill:0.97 | was:0.70 | made:0.48 | every:0.97 | thursday:0.72
club_rock_snr0_sent01_03_notch.wav,club,rock,0,sent01,female,notch,0.4907,1.509,0.18,The bill was paid every third week,that bill was paid every third week,OK,0.6735,0.2536,-0.6528,0.023,6,7,85.7,14.3,that:0.25 | bill:0.51 | was:1.00 | paid:0.74 | every:0.99 | third:0.30 | week:0.94
club_rock_snr0_sent01_04_base_nlms.wav,club,rock,0,sent01,female,base_nlms,0.5405,1.394,3.71,The bill was paid every third week,the bill was paid every third week,OK,0.7075,0.1795,-0.639,0.031,7,7,100.0,0.0,the:0.47 | bill:0.97 | was:0.99 | paid:0.99 | every:0.98 | third:0.18 | week:0.37
club_rock_snr0_sent01_05_soft_vad_leaky.wav,club,rock,0,sent01,female,soft_vad_leaky,0.5264,1.572,4.55,The bill was paid every third week,the bill was paid every third week,OK,0.8076,0.3923,-0.5091,0.0191,7,7,100.0,0.0,the:0.39 | bill:0.99 | was:0.99 | paid:0.97 | every:0.99 | third:0.41 | week:0.91
club_rock_snr0_sent02_01_primary_noisy.wav,club,rock,0,sent02,male,primary_noisy,0.6601,1.621,0.0,Glue the sheet to the dark blue background,move the sheet to the dark blue background,OK,0.8275,0.3583,-0.4465,0.0247,6,8,85.7,12.5,move:0.42 | the:0.91 | sheet:0.36 | to:0.98 | the:0.96 | dark:0.99 | blue:1.00 | background:1.00
club_rock_snr0_sent02_02_fir_bp.wav,club,rock,0,sent02,male,fir_bp,0.6349,1.349,-2.24,Glue the sheet to the dark blue background,music sheet in the dark blue background,OK,0.6198,0.1292,-0.6999,0.0555,5,8,71.4,37.5,music:0.23 | sheet:0.31 | in:0.13 | the:0.83 | dark:0.94 | blue:0.97 | background:0.93
club_rock_snr0_sent02_03_notch.wav,club,rock,0,sent02,male,notch,0.6585,1.618,-0.04,Glue the sheet to the dark blue background,move the sheet to the dark blue background,OK,0.826,0.1986,-0.4968,0.0352,6,8,85.7,12.5,move:0.20 | the:0.95 | sheet:0.56 | to:0.98 | the:0.94 | dark:0.99 | blue:1.00 | background:1.00
club_rock_snr0_sent02_04_base_nlms.wav,club,rock,0,sent02,male,base_nlms,0.6970,1.431,2.2,Glue the sheet to the dark blue background,lets move the sheet to the dark blue background,OK,0.7774,0.3345,-0.57,0.0303,6,8,85.7,25.0,lets:0.33 | move:0.36 | the:0.81 | sheet:0.61 | to:0.98 | the:0.93 | dark:0.99 | blue:0.99 | background:1.00
club_rock_snr0_sent02_05_soft_vad_leaky.wav,club,rock,0,sent02,male,soft_vad_leaky,0.6698,1.576,3.36,Glue the sheet to the dark blue background,move the shape to the dark blue background,OK,0.859,0.3608,-0.4022,0.0251,5,8,71.4,25.0,move:0.36 | the:0.90 | shape:0.80 | to:0.94 | the:0.90 | dark:0.99 | blue:0.98 | background:1.00
club_rock_snr0_sent03_01_primary_noisy.wav,club,rock,0,sent03,female,primary_noisy,0.6302,1.607,0.0,These days a chicken leg is a rare dish,these days make chicken play is a rare dish,OK,0.7951,0.1743,-0.5138,0.0546,7,9,87.5,22.2,these:0.73 | days:0.92 | make:0.17 | chicken:0.93 | play:0.65 | is:0.85 | a:0.91 | rare:0.99 | dish:1.00
club_rock_snr0_sent03_02_fir_bp.wav,club,rock,0,sent03,female,fir_bp,0.6129,1.313,-2.32,These days a chicken leg is a rare dish,these days a chicken leg is a rare dish,OK,0.8134,0.2634,-0.5048,0.0345,8,9,100.0,0.0,these:0.55 | days:0.97 | a:0.71 | chicken:0.92 | leg:0.26 | is:0.99 | a:0.93 | rare:1.00 | dish:1.00
club_rock_snr0_sent03_03_notch.wav,club,rock,0,sent03,female,notch,0.6277,1.567,0.07,These days a chicken leg is a rare dish,these days a chicken play is a rare dish,OK,0.8359,0.2018,-0.4675,0.0505,7,9,87.5,11.1,these:0.70 | days:0.94 | a:0.20 | chicken:0.94 | play:0.79 | is:0.99 | a:0.97 | rare:0.99 | dish:1.00
club_rock_snr0_sent03_04_base_nlms.wav,club,rock,0,sent03,female,base_nlms,0.6825,1.434,2.38,These days a chicken leg is a rare dish,these days a chicken leg is a rare dish,OK,0.8812,0.6364,-0.3661,0.022,8,9,100.0,0.0,these:0.79 | days:0.90 | a:0.72 | chicken:0.97 | leg:0.64 | is:0.99 | a:0.94 | rare:0.99 | dish:1.00
club_rock_snr0_sent03_05_soft_vad_leaky.wav,club,rock,0,sent03,female,soft_vad_leaky,0.6851,1.626,4.05,These days a chicken leg is a rare dish,these days a chicken leg is a rare dish,OK,0.8519,0.5472,-0.397,0.0383,8,9,100.0,0.0,these:0.82 | days:0.89 | a:0.61 | chicken:0.97 | leg:0.55 | is:0.99 | a:0.86 | rare:0.99 | dish:1.00
club_techno_snr-10_sent01_01_primary_noisy.wav,club,techno,-10,sent01,female,primary_noisy,0.4110,1.262,0.0,The bill was paid every third week,the bill was made every third week,OK,0.8942,0.6204,-0.3981,0.0449,6,7,85.7,14.3,the:0.82 | bill:0.99 | was:0.94 | made:0.62 | every:0.98 | third:0.94 | week:0.99
club_techno_snr-10_sent01_02_fir_bp.wav,club,techno,-10,sent01,female,fir_bp,0.4023,1.323,8.13,The bill was paid every third week,the bill will take every third week,OK,0.8085,0.4136,-0.4607,0.0573,5,7,71.4,28.6,the:0.75 | bill:0.95 | will:0.41 | take:0.80 | every:0.88 | third:0.96 | week:0.91
club_techno_snr-10_sent01_03_notch.wav,club,techno,-10,sent01,female,notch,0.4132,1.289,1.07,The bill was paid every third week,the bill was made every third week,OK,0.8909,0.6002,-0.4089,0.0381,6,7,85.7,14.3,the:0.82 | bill:0.99 | was:0.95 | made:0.60 | every:0.98 | third:0.91 | week:0.98
club_techno_snr-10_sent01_04_base_nlms.wav,club,techno,-10,sent01,female,base_nlms,0.4978,1.451,12.44,The bill was paid every third week,the bill was paid every third week,OK,0.8987,0.6586,-0.4169,0.0222,7,7,100.0,0.0,the:0.66 | bill:0.95 | was:0.98 | paid:0.89 | every:0.98 | third:0.91 | week:0.92
club_techno_snr-10_sent01_05_soft_vad_leaky.wav,club,techno,-10,sent01,female,soft_vad_leaky,0.4195,1.498,9.79,The bill was paid every third week,the bill was made every third week,OK,0.9355,0.781,-0.3626,0.0332,6,7,85.7,14.3,the:0.78 | bill:0.99 | was:0.97 | made:0.92 | every:0.99 | third:0.91 | week:0.99
club_techno_snr-10_sent02_01_primary_noisy.wav,club,techno,-10,sent02,male,primary_noisy,0.4751,1.376,-0.0,Glue the sheet to the dark blue background,look at the sheets in the dark blue background,OK,0.6677,0.0537,-0.7004,0.0937,4,8,57.1,50.0,look:0.05 | at:0.96 | the:0.91 | sheets:0.55 | in:0.30 | the:0.98 | dark:0.87 | blue:0.40 | background:0.99
club_techno_snr-10_sent02_02_fir_bp.wav,club,techno,-10,sent02,male,fir_bp,0.4565,1.304,7.21,Glue the sheet to the dark blue background,we are the sheep of the dark blue backrests,OK,0.3587,0.0625,-1.0363,0.0615,3,8,42.9,62.5,we:0.19 | are:0.38 | the:0.82 | sheep:0.06 | of:0.26 | the:0.44 | dark:0.47 | blue:0.17 | backrests:0.44
club_techno_snr-10_sent02_03_notch.wav,club,techno,-10,sent02,male,notch,0.4763,1.403,0.99,Glue the sheet to the dark blue background,look at the sheets in the dark blue background,OK,0.6726,0.0545,-0.6713,0.0849,4,8,57.1,50.0,look:0.05 | at:0.97 | the:0.92 | sheets:0.55 | in:0.28 | the:0.98 | dark:0.91 | blue:0.39 | background:0.99
club_techno_snr-10_sent02_04_base_nlms.wav,club,techno,-10,sent02,male,base_nlms,0.5798,1.411,11.97,Glue the sheet to the dark blue background,one of the sheets with a dark blue background,OK,0.7301,0.0535,-0.6152,0.0533,4,8,57.1,62.5,one:0.05 | of:0.98 | the:0.98 | sheets:0.74 | with:0.36 | a:0.85 | dark:0.96 | blue:0.67 | background:0.99
club_techno_snr-10_sent02_05_soft_vad_leaky.wav,club,techno,-10,sent02,male,soft_vad_leaky,0.4807,1.488,9.58,Glue the sheet to the dark blue background,well let the sheep in the dark move back around,OK,0.5804,0.1518,-0.8294,0.0707,2,8,28.6,87.5,well:0.15 | let:0.49 | the:0.80 | sheep:0.36 | in:0.34 | the:0.94 | dark:0.94 | move:0.37 | back:0.84 | around:0.57
club_techno_snr-10_sent03_01_primary_noisy.wav,club,techno,-10,sent03,female,primary_noisy,0.5320,1.329,0.0,These days a chicken leg is a rare dish,these days a chicken leg is invariably,OK,0.6876,0.1891,-0.6419,0.0471,6,9,75.0,33.3,these:0.65 | days:1.00 | a:0.19 | chicken:0.95 | leg:0.53 | is:0.88 | invariably:0.61
club_techno_snr-10_sent03_02_fir_bp.wav,club,techno,-10,sent03,female,fir_bp,0.5148,1.279,7.16,These days a chicken leg is a rare dish,the day it came to life it was gorgeous,OK,0.3541,0.0773,-1.2116,0.0845,0,9,0.0,100.0,the:0.62 | day:0.36 | it:0.08 | came:0.14 | to:0.59 | life:0.21 | it:0.79 | was:0.31 | gorgeous:0.10
club_techno_snr-10_sent03_03_notch.wav,club,techno,-10,sent03,female,notch,0.5354,1.362,1.16,These days a chicken leg is a rare dish,these days a chicken leg is invariably,OK,0.6991,0.2238,-0.599,0.0373,6,9,75.0,33.3,these:0.65 | days:0.99 | a:0.22 | chicken:0.96 | leg:0.50 | is:0.92 | invariably:0.65
club_techno_snr-10_sent03_04_base_nlms.wav,club,techno,-10,sent03,female,base_nlms,0.5965,1.396,11.46,These days a chicken leg is a rare dish,these days a chicken leg is a rare dish,OK,0.7047,0.3032,-0.6009,0.0555,8,9,100.0,0.0,these:0.45 | days:0.97 | a:0.56 | chicken:0.97 | leg:0.98 | is:0.95 | a:0.66 | rare:0.30 | dish:0.51
club_techno_snr-10_sent03_05_soft_vad_leaky.wav,club,techno,-10,sent03,female,soft_vad_leaky,0.5494,1.49,9.35,These days a chicken leg is a rare dish,these days a chicken leg is a rare gift,OK,0.6693,0.3561,-0.621,0.0529,7,9,87.5,11.1,these:0.65 | days:0.98 | a:0.49 | chicken:0.95 | leg:0.64 | is:0.93 | a:0.36 | rare:0.50 | gift:0.53
club_techno_snr-15_sent01_01_primary_noisy.wav,club,techno,-15,sent01,female,primary_noisy,0.2859,1.201,0.0,The bill was paid every third week,the bill was made every third year,OK,0.5505,0.2508,-0.8067,0.1466,5,7,71.4,28.6,the:0.63 | bill:0.95 | was:0.84 | made:0.25 | every:0.27 | third:0.56 | year:0.36
club_techno_snr-15_sent01_02_fir_bp.wav,club,techno,-15,sent01,female,fir_bp,0.2785,1.269,11.05,The bill was paid every third week,the bill would take half a third of the bill,OK,0.3559,0.0585,-1.1675,0.2353,3,7,42.9,100.0,the:0.14 | bill:0.17 | would:0.60 | take:0.24 | half:0.06 | a:0.41 | third:0.82 | of:0.17 | the:0.49 | bill:0.46
club_techno_snr-15_sent01_03_notch.wav,club,techno,-15,sent01,female,notch,0.2879,1.216,1.07,The bill was paid every third week,the bill was made every third of the year,OK,0.4828,0.2294,-0.8615,0.1362,5,7,71.4,57.1,the:0.64 | bill:0.96 | was:0.84 | made:0.23 | every:0.25 | third:0.53 | of:0.33 | the:0.33 | year:0.23
club_techno_snr-15_sent01_04_base_nlms.wav,club,techno,-15,sent01,female,base_nlms,0.3836,1.337,13.89,The bill was paid every third week,the bill was made as the third meeting,OK,0.5644,0.2415,-0.7405,0.0614,4,7,57.1,57.1,the:0.47 | bill:0.49 | was:0.88 | made:0.60 | as:0.65 | the:0.24 | third:0.94 | meeting:0.24
club_techno_snr-15_sent01_05_soft_vad_leaky.wav,club,techno,-15,sent01,female,soft_vad_leaky,0.2928,1.35,10.2,The bill was paid every third week,the bill was made every third year,OK,0.6184,0.2984,-0.6992,0.0926,5,7,71.4,28.6,the:0.64 | bill:0.97 | was:0.92 | made:0.51 | every:0.30 | third:0.66 | year:0.34
club_techno_snr-15_sent02_01_primary_noisy.wav,club,techno,-15,sent02,male,primary_noisy,0.3304,1.286,0.0,Glue the sheet to the dark blue background,let the shit in the darkness go back,OK,0.4354,0.0439,-1.0238,0.1434,1,8,14.3,75.0,let:0.04 | the:0.79 | shit:0.44 | in:0.27 | the:0.63 | darkness:0.13 | go:0.30 | back:0.89
club_techno_snr-15_sent02_02_fir_bp.wav,club,techno,-15,sent02,male,fir_bp,0.3194,1.256,10.44,Glue the sheet to the dark blue background,we are the students of our spin back man,OK,0.3194,0.0576,-1.2137,0.1171,1,8,14.3,100.0,we:0.14 | are:0.35 | the:0.69 | students:0.19 | of:0.37 | our:0.25 | spin:0.16 | back:0.67 | man:0.06
club_techno_snr-15_sent02_03_notch.wav,club,techno,-15,sent02,male,notch,0.3322,1.303,1.01,Glue the sheet to the dark blue background,let the shit in the darkness go back,OK,0.4321,0.043,-1.0777,0.1284,1,8,14.3,75.0,let:0.04 | the:0.84 | shit:0.36 | in:0.30 | the:0.59 | darkness:0.16 | go:0.29 | back:0.88
club_techno_snr-15_sent02_04_base_nlms.wav,club,techno,-15,sent02,male,base_nlms,0.4427,1.31,13.83,Glue the sheet to the dark blue background,im not the sheep im gonna dodge you in the back right now,OK,0.3788,0.17,-1.0364,0.0863,1,8,14.3,137.5,im:0.24 | not:0.29 | the:0.35 | sheep:0.32 | im:0.64 | gonna:0.26 | dodge:0.31 | you:0.21 | in:0.35 | the:0.17 | back:0.83 | right:0.42 | now:0.54
club_techno_snr-15_sent02_05_soft_vad_leaky.wav,club,techno,-15,sent02,male,soft_vad_leaky,0.3343,1.362,10.19,Glue the sheet to the dark blue background,let the shit in the darkness go back now,OK,0.4282,0.0797,-0.9521,0.0946,1,8,14.3,87.5,let:0.08 | the:0.71 | shit:0.33 | in:0.37 | the:0.61 | darkness:0.30 | go:0.21 | back:0.95 | now:0.29
club_techno_snr-15_sent03_01_primary_noisy.wav,club,techno,-15,sent03,female,primary_noisy,0.3710,1.247,0.0,These days a chicken leg is a rare dish,leave a link in the description below,OK,0.4287,0.1509,-0.9643,0.161,1,9,12.5,88.9,leave:0.24 | a:0.50 | link:0.15 | in:0.36 | the:0.66 | description:0.73 | below:0.36
club_techno_snr-15_sent03_02_fir_bp.wav,club,techno,-15,sent03,female,fir_bp,0.3658,1.236,10.5,These days a chicken leg is a rare dish,the update is open for you,OK,0.453,0.0441,-1.0152,0.151,1,9,12.5,88.9,the:0.45 | update:0.62 | is:0.75 | open:0.24 | for:0.62 | you:0.04
club_techno_snr-15_sent03_03_notch.wav,club,techno,-15,sent03,female,notch,0.3742,1.266,1.17,These days a chicken leg is a rare dish,leave a name and check the file in the description below,OK,0.4138,0.1324,-1.0814,0.1328,1,9,12.5,122.2,leave:0.14 | a:0.46 | name:0.22 | and:0.81 | check:0.28 | the:0.78 | file:0.30 | in:0.13 | the:0.82 | description:0.19 | below:0.42
club_techno_snr-15_sent03_04_base_nlms.wav,club,techno,-15,sent03,female,base_nlms,0.4704,1.312,13.41,These days a chicken leg is a rare dish,be safe and keep in mind itll be better,OK,0.5389,0.2418,-0.8372,0.0592,0,9,0.0,100.0,be:0.64 | safe:0.58 | and:0.75 | keep:0.24 | in:0.35 | mind:0.91 | itll:0.31 | be:0.60 | better:0.47
club_techno_snr-15_sent03_05_soft_vad_leaky.wav,club,techno,-15,sent03,female,soft_vad_leaky,0.3853,1.359,9.94,These days a chicken leg is a rare dish,be safe and keep in mind and be good,OK,0.4165,0.0746,-1.1056,0.1226,0,9,0.0,100.0,be:0.61 | safe:0.07 | and:0.80 | keep:0.23 | in:0.35 | mind:0.41 | and:0.51 | be:0.57 | good:0.18
club_techno_snr0_sent01_01_primary_noisy.wav,club,techno,0,sent01,female,primary_noisy,0.6402,1.79,0.0,The bill was paid every third week,the bill was paid every third week,OK,0.962,0.8581,-0.3687,0.0097,7,7,100.0,0.0,the:0.86 | bill:0.99 | was:1.00 | paid:0.99 | every:0.99 | third:0.92 | week:0.99
club_techno_snr0_sent01_02_fir_bp.wav,club,techno,0,sent01,female,fir_bp,0.6251,1.424,-0.53,The bill was paid every third week,the bill would take every third week,OK,0.8184,0.4531,-0.5019,0.0195,5,7,71.4,28.6,the:0.77 | bill:0.95 | would:0.61 | take:0.45 | every:0.99 | third:0.97 | week:0.99
club_techno_snr0_sent01_03_notch.wav,club,techno,0,sent01,female,notch,0.6440,1.902,1.03,The bill was paid every third week,the bill was paid every third week,OK,0.9677,0.8717,-0.3701,0.0111,7,7,100.0,0.0,the:0.87 | bill:0.99 | was:1.00 | paid:0.99 | every:0.99 | third:0.94 | week:0.99
club_techno_snr0_sent01_04_base_nlms.wav,club,techno,0,sent01,female,base_nlms,0.6119,1.521,3.76,The bill was paid every third week,the bill was paid every third week,OK,0.9514,0.7483,-0.3817,0.0092,7,7,100.0,0.0,the:0.75 | bill:0.99 | was:0.98 | paid:1.00 | every:0.99 | third:0.96 | week:0.99
club_techno_snr0_sent01_05_soft_vad_leaky.wav,club,techno,0,sent01,female,soft_vad_leaky,0.6383,2.145,7.09,The bill was paid every third week,the bill was paid every third week,OK,0.9684,0.8766,-0.3699,0.0103,7,7,100.0,0.0,the:0.88 | bill:0.99 | was:1.00 | paid:1.00 | every:0.99 | third:0.93 | week:0.99
club_techno_snr0_sent02_01_primary_noisy.wav,club,techno,0,sent02,male,primary_noisy,0.7749,2.069,0.0,Glue the sheet to the dark blue background,glue the sheet to the dark blue background,OK,0.8954,0.4984,-0.3708,0.0061,7,8,100.0,0.0,glue:0.88 | the:0.99 | sheet:0.50 | to:0.94 | the:0.96 | dark:0.99 | blue:0.91 | background:0.99
club_techno_snr0_sent02_02_fir_bp.wav,club,techno,0,sent02,male,fir_bp,0.7347,1.429,-1.77,Glue the sheet to the dark blue background,glue the sheets to the dark blue background,OK,0.9154,0.7341,-0.3463,0.0193,6,8,85.7,12.5,glue:0.82 | the:0.98 | sheets:0.94 | to:0.73 | the:0.98 | dark:0.98 | blue:0.97 | background:0.93
club_techno_snr0_sent02_03_notch.wav,club,techno,0,sent02,male,notch,0.7727,2.086,0.75,Glue the sheet to the dark blue background,glue the sheets to the dark blue background,OK,0.8736,0.4462,-0.4034,0.0077,6,8,85.7,12.5,glue:0.87 | the:0.99 | sheets:0.45 | to:0.78 | the:0.98 | dark:0.99 | blue:0.94 | background:0.99
club_techno_snr0_sent02_04_base_nlms.wav,club,techno,0,sent02,male,base_nlms,0.7140,1.541,2.37,Glue the sheet to the dark blue background,glue the sheath to the dark blue background,OK,0.7843,0.3228,-0.5039,0.0243,6,8,85.7,12.5,glue:0.32 | the:0.99 | sheath:0.56 | to:0.66 | the:0.97 | dark:0.98 | blue:0.81 | background:0.99
club_techno_snr0_sent02_05_soft_vad_leaky.wav,club,techno,0,sent02,male,soft_vad_leaky,0.7661,1.942,5.31,Glue the sheet to the dark blue background,glue the sheets to the dark blue background,OK,0.865,0.559,-0.3744,0.0087,6,8,85.7,12.5,glue:0.75 | the:0.95 | sheets:0.56 | to:0.78 | the:0.97 | dark:0.99 | blue:0.93 | background:0.99
club_techno_snr0_sent03_01_primary_noisy.wav,club,techno,0,sent03,female,primary_noisy,0.8074,1.976,0.0,These days a chicken leg is a rare dish,these days a chicken leg is in rare dish,OK,0.9259,0.7649,-0.3314,0.0045,8,9,100.0,11.1,these:0.88 | days:0.97 | a:0.76 | chicken:0.99 | leg:1.00 | is:0.98 | in:0.88 | rare:0.93 | dish:0.93
club_techno_snr0_sent03_02_fir_bp.wav,club,techno,0,sent03,female,fir_bp,0.7707,1.376,-1.89,These days a chicken leg is a rare dish,these days a chicken leg is in rare dish,OK,0.7708,0.2366,-0.4844,0.0122,8,9,100.0,11.1,these:0.82 | days:1.00 | a:0.61 | chicken:0.97 | leg:1.00 | is:0.97 | in:0.74 | rare:0.59 | dish:0.24
club_techno_snr0_sent03_03_notch.wav,club,techno,0,sent03,female,notch,0.8117,2.076,1.11,These days a chicken leg is a rare dish,these days a chicken leg is in rare dish,OK,0.9334,0.793,-0.3275,0.0069,8,9,100.0,11.1,these:0.89 | days:0.98 | a:0.79 | chicken:0.99 | leg:1.00 | is:0.98 | in:0.92 | rare:0.92 | dish:0.94
club_techno_snr0_sent03_04_base_nlms.wav,club,techno,0,sent03,female,base_nlms,0.6881,1.428,2.26,These days a chicken leg is a rare dish,these days a chicken leg is a rare dish,OK,0.8911,0.6016,-0.3552,0.0066,8,9,100.0,0.0,these:0.87 | days:0.99 | a:0.60 | chicken:0.99 | leg:0.99 | is:0.98 | a:0.74 | rare:0.86 | dish:1.00
club_techno_snr0_sent03_05_soft_vad_leaky.wav,club,techno,0,sent03,female,soft_vad_leaky,0.8027,2.014,6.21,These days a chicken leg is a rare dish,these days a chicken leg is a rare dish,OK,0.9322,0.6091,-0.3106,0.0044,8,9,100.0,0.0,these:0.86 | days:0.99 | a:0.61 | chicken:0.99 | leg:1.00 | is:0.99 | a:0.99 | rare:0.96 | dish:1.00
