Filename,Venue,Genre,SNR_dB,Sentence_ID,Gender,Filter_Stage,STOI,PESQ,Delta_SNR_dB,Ground_Truth,Actual_STT_Response,Status,Confidence_Score,Alternative_Hypotheses,Correct_Words,Total_Words,Word_Recall_Pct,WER_Pct
club_jazz_snr-10_sent01_01_primary_noisy.wav,club,jazz,-10,sent01,female,primary_noisy,0.3731,1.267,0.0,The bill was paid every third week,the bill was paid every third week,OK,0.9521,the bill was paid every third week | the bill was paid every thursday | the bill was paid every third weak | the bill was paid every third weeks | the bill was paid every third wk,7,7,100.0,0.0
club_jazz_snr-10_sent01_02_fir_bp.wav,club,jazz,-10,sent01,female,fir_bp,0.3488,1.204,1.59,The bill was paid every third week,[NO_SPEECH_DETECTED],NO_SPEECH_DETECTED,0.0,,0,7,0.0,100.0
club_jazz_snr-10_sent01_03_notch.wav,club,jazz,-10,sent01,female,notch,0.3758,1.278,0.75,The bill was paid every third week,the bill was paid every third week,OK,0.9521,the bill was paid every third week | the bill was paid every thursday | the bill was paid every third weak | the bill was paid every third weeks | the bill was paid every third wk,7,7,100.0,0.0
club_jazz_snr-10_sent01_04_base_nlms.wav,club,jazz,-10,sent01,female,base_nlms,0.4891,1.467,11.9,The bill was paid every third week,the bill was paid every third week,OK,0.9521,the bill was paid every third week | the bill was paid every third weak | the bill was paid every third weeks | the bill was paid every third wk | the bill was paid every third wic,7,7,100.0,0.0
club_jazz_snr-10_sent01_05_soft_vad_leaky.wav,club,jazz,-10,sent01,female,soft_vad_leaky,0.4137,1.423,7.63,The bill was paid every third week,the bill was paid every third week,OK,0.9521,the bill was paid every third week | the bill was paid every third weak | the bill was paid every third weeks | the bill was paying every third week | the bill was paid every third wk,7,7,100.0,0.0
club_jazz_snr-10_sent02_01_primary_noisy.wav,club,jazz,-10,sent02,male,primary_noisy,0.4554,1.314,0.0,Glue the sheet to the dark blue background,[NO_SPEECH_DETECTED],NO_SPEECH_DETECTED,0.0,,0,8,0.0,100.0
club_jazz_snr-10_sent02_02_fir_bp.wav,club,jazz,-10,sent02,male,fir_bp,0.4385,1.21,2.82,Glue the sheet to the dark blue background,[NO_SPEECH_DETECTED],NO_SPEECH_DETECTED,0.0,,0,8,0.0,100.0
club_jazz_snr-10_sent02_03_notch.wav,club,jazz,-10,sent02,male,notch,0.4569,1.312,1.61,Glue the sheet to the dark blue background,[NO_SPEECH_DETECTED],NO_SPEECH_DETECTED,0.0,,0,8,0.0,100.0
club_jazz_snr-10_sent02_04_base_nlms.wav,club,jazz,-10,sent02,male,base_nlms,0.6344,1.388,11.98,Glue the sheet to the dark blue background,blue the sheet to the dark blue back,OK,0.9514,blue the sheet to the dark blue back | blew the sheet to the dark blue back | blu the sheet to the dark blue back | bleu the sheet to the dark blue back | blue the sheet to the dark blue background,5,8,71.4,25.0
club_jazz_snr-10_sent02_05_soft_vad_leaky.wav,club,jazz,-10,sent02,male,soft_vad_leaky,0.5213,1.373,7.47,Glue the sheet to the dark blue background,who the sheet to the dark blue back,OK,0.9448,who the sheet to the dark blue back | dark blue back | the sheet to the dark blue back | were the sheet to the dark blue back | were the sheet to the dark blue back,5,8,71.4,25.0
club_jazz_snr-10_sent03_01_primary_noisy.wav,club,jazz,-10,sent03,female,primary_noisy,0.5252,1.294,0.0,These days a chicken leg is a rare dish,these days a chicken leg is in rare dish,OK,0.9521,these days a chicken leg is in rare dish | these days a chicken leg is in rhere dish | these days a chicken leg is in rair dish | these days a chicken leg is in rare disch | these days a chicken leg is in rehr dish,8,9,100.0,11.1
club_jazz_snr-10_sent03_02_fir_bp.wav,club,jazz,-10,sent03,female,fir_bp,0.5056,1.197,1.23,These days a chicken leg is a rare dish,[NO_SPEECH_DETECTED],NO_SPEECH_DETECTED,0.0,,0,9,0.0,100.0
club_jazz_snr-10_sent03_03_notch.wav,club,jazz,-10,sent03,female,notch,0.5261,1.298,0.73,These days a chicken leg is a rare dish,these days a chicken leg is in rare dish,OK,0.9521,these days a chicken leg is in rare dish | these days a chicken leg is in rhere dish | these days a chicken leg is in rair dish | these days a chicken leg is in rare disch | these days a chicken leg is in rehr dish,8,9,100.0,11.1
club_jazz_snr-10_sent03_04_base_nlms.wav,club,jazz,-10,sent03,female,base_nlms,0.6241,1.35,10.52,These days a chicken leg is a rare dish,these days a chicken leg is a rare dish,OK,0.9521,these days a chicken leg is a rare dish | these days a chicken leg is a rare disch | these days a chicken leg is a rare dish | these dayz a chicken leg is a rare dish | these daze a chicken leg is a rare dish,8,9,100.0,0.0
club_jazz_snr-10_sent03_05_soft_vad_leaky.wav,club,jazz,-10,sent03,female,soft_vad_leaky,0.5744,1.358,7.22,These days a chicken leg is a rare dish,these days a chicken leg is a rare dish,OK,0.9521,these days a chicken leg is a rare dish | these days a chicken leg is a rare disch | these days a chicken leg is a rare dish | these dayz a chicken leg is a rare dish | these daze a chicken leg is a rare dish,8,9,100.0,0.0
club_jazz_snr-15_sent01_01_primary_noisy.wav,club,jazz,-15,sent01,female,primary_noisy,0.2634,1.211,0.0,The bill was paid every third week,[NO_SPEECH_DETECTED],NO_SPEECH_DETECTED,0.0,,0,7,0.0,100.0
club_jazz_snr-15_sent01_02_fir_bp.wav,club,jazz,-15,sent01,female,fir_bp,0.2394,1.173,2.05,The bill was paid every third week,[NO_SPEECH_DETECTED],NO_SPEECH_DETECTED,0.0,,0,7,0.0,100.0
club_jazz_snr-15_sent01_03_notch.wav,club,jazz,-15,sent01,female,notch,0.2660,1.218,0.75,The bill was paid every third week,[NO_SPEECH_DETECTED],NO_SPEECH_DETECTED,0.0,,0,7,0.0,100.0
club_jazz_snr-15_sent01_04_base_nlms.wav,club,jazz,-15,sent01,female,base_nlms,0.3952,1.345,13.0,The bill was paid every third week,the girl was playing every thursday,OK,0.9345,the girl was playing every thursday | the girl was playing every third week | the girl is playing every thursday | the girl was playing every third weak | the girl is playing every third week,3,7,42.9,57.1
club_jazz_snr-15_sent01_05_soft_vad_leaky.wav,club,jazz,-15,sent01,female,soft_vad_leaky,0.2908,1.305,7.82,The bill was paid every third week,the girl was paid every thursday,OK,0.9431,the girl was paid every thursday | the girl is paid every thursday | the girl was paid every 30 | the girl was paid every therapy | the girlz was paid every thursday,4,7,57.1,42.9
club_jazz_snr-15_sent02_01_primary_noisy.wav,club,jazz,-15,sent02,male,primary_noisy,0.3509,1.264,0.0,Glue the sheet to the dark blue background,[NO_SPEECH_DETECTED],NO_SPEECH_DETECTED,0.0,,0,8,0.0,100.0
club_jazz_snr-15_sent02_02_fir_bp.wav,club,jazz,-15,sent02,male,fir_bp,0.3412,1.189,3.73,Glue the sheet to the dark blue background,[NO_SPEECH_DETECTED],NO_SPEECH_DETECTED,0.0,,0,8,0.0,100.0
club_jazz_snr-15_sent02_03_notch.wav,club,jazz,-15,sent02,male,notch,0.3508,1.262,1.61,Glue the sheet to the dark blue background,[NO_SPEECH_DETECTED],NO_SPEECH_DETECTED,0.0,,0,8,0.0,100.0
club_jazz_snr-15_sent02_04_base_nlms.wav,club,jazz,-15,sent02,male,base_nlms,0.5131,1.29,13.25,Glue the sheet to the dark blue background,dark blue back,OK,0.9238,dark blue back | who the sheep to the dark blue back | who the shoot to the dark blue back | who the sheet to the dark blue back,2,8,28.6,75.0
club_jazz_snr-15_sent02_05_soft_vad_leaky.wav,club,jazz,-15,sent02,male,soft_vad_leaky,0.4055,1.301,7.78,Glue the sheet to the dark blue background,[NO_SPEECH_DETECTED],NO_SPEECH_DETECTED,0.0,,0,8,0.0,100.0
club_jazz_snr-15_sent03_01_primary_noisy.wav,club,jazz,-15,sent03,female,primary_noisy,0.4210,1.237,0.0,These days a chicken leg is a rare dish,these days and chicken leg is a great day,OK,0.9521,these days and chicken leg is a great day | these days and chicken leg is in greenwich | these days and chicken leg is a great addition | these days and chicken legg is a great day | these days and chicken legge is a great day,6,9,75.0,33.3
club_jazz_snr-15_sent03_02_fir_bp.wav,club,jazz,-15,sent03,female,fir_bp,0.4048,1.173,1.86,These days a chicken leg is a rare dish,[NO_SPEECH_DETECTED],NO_SPEECH_DETECTED,0.0,,0,9,0.0,100.0
club_jazz_snr-15_sent03_03_notch.wav,club,jazz,-15,sent03,female,notch,0.4219,1.239,0.73,These days a chicken leg is a rare dish,these days and chicken leg is a great day,OK,0.9521,these days and chicken leg is a great day | these days and chicken leg is a great addition | these days and chicken leg is a great edition | these days and chicken legg is a great day | these days and chicken legge is a great day,6,9,75.0,33.3
club_jazz_snr-15_sent03_04_base_nlms.wav,club,jazz,-15,sent03,female,base_nlms,0.5315,1.282,12.23,These days a chicken leg is a rare dish,these days a chicken leg is a rare dish,OK,0.9521,these days a chicken leg is a rare dish | these days a chicken leg is a rare disch | these days a chicken leg is a rare dish | these dayz a chicken leg is a rare dish | these daze a chicken leg is a rare dish,8,9,100.0,0.0
club_jazz_snr-15_sent03_05_soft_vad_leaky.wav,club,jazz,-15,sent03,female,soft_vad_leaky,0.4501,1.279,7.48,These days a chicken leg is a rare dish,these days a chicken leg is a great day,OK,0.9521,these days a chicken leg is a great day | these days a chicken leg is a great add | these days a chicken leg is a great addition | these days and chicken leg is a great day | these days a chicken leg is a great day,6,9,75.0,22.2
club_jazz_snr0_sent01_01_primary_noisy.wav,club,jazz,0,sent01,female,primary_noisy,0.5985,1.687,0.0,The bill was paid every third week,the bill was paid every third week,OK,0.9521,the bill was paid every third week | the bill was paid every third weak | the bill was paid every third weeks | the bill was paid every week | the bill was paid every third wk,7,7,100.0,0.0
club_jazz_snr0_sent01_02_fir_bp.wav,club,jazz,0,sent01,female,fir_bp,0.5580,1.335,-2.16,The bill was paid every third week,the bill was paid every third week,OK,0.9521,the bill was paid every third week | the bill was paid every third weak | the bill was paid every third weeks | the bill was paid every third wk | the billed was paid every third week,7,7,100.0,0.0
club_jazz_snr0_sent01_03_notch.wav,club,jazz,0,sent01,female,notch,0.6014,1.717,0.7,The bill was paid every third week,the bill was paid every third week,OK,0.9521,the bill was paid every third week | the bill was paid every third weak | the bill was paid every week | the bill was paid every third weeks | the bill was paid every third wk,7,7,100.0,0.0
club_jazz_snr0_sent01_04_base_nlms.wav,club,jazz,0,sent01,female,base_nlms,0.5529,1.517,3.6,The bill was paid every third week,the bill was paid every third week,OK,0.9521,the bill was paid every third week | the bill was paid every week | the bill was paid every third weak | the bill was paid every third weeks | the bill was paid every third wk,7,7,100.0,0.0
club_jazz_snr0_sent01_05_soft_vad_leaky.wav,club,jazz,0,sent01,female,soft_vad_leaky,0.6147,1.964,6.39,The bill was paid every third week,the bill was paid every third week,OK,0.9521,the bill was paid every third week | the bill was paid every third weak | the bill was paid every third weeks | the bill was paid every week | the bill was paid every third wk,7,7,100.0,0.0
club_jazz_snr0_sent02_01_primary_noisy.wav,club,jazz,0,sent02,male,primary_noisy,0.7233,1.627,0.0,Glue the sheet to the dark blue background,blue the sheet to the dark blue background,OK,0.9517,blue the sheet to the dark blue background | blew the sheet to the dark blue background | blu the sheet to the dark blue background | bleu the sheet to the dark blue background | glue the sheet to the dark blue background,6,8,85.7,12.5
club_jazz_snr0_sent02_02_fir_bp.wav,club,jazz,0,sent02,male,fir_bp,0.6794,1.298,-2.62,Glue the sheet to the dark blue background,blue the sheet to the dark blue background,OK,0.9515,blue the sheet to the dark blue background | blew the sheet to the dark blue background | blue sheet to the dark blue background | blu the sheet to the dark blue background | bleu the sheet to the dark blue background,6,8,85.7,12.5
club_jazz_snr0_sent02_03_notch.wav,club,jazz,0,sent02,male,notch,0.7272,1.615,1.58,Glue the sheet to the dark blue background,blue the sheet to the dark blue background,OK,0.9514,blue the sheet to the dark blue background | blew the sheet to the dark blue background | blu the sheet to the dark blue background | bleu the sheet to the dark blue background | glue the sheet to the dark blue background,6,8,85.7,12.5
club_jazz_snr0_sent02_04_base_nlms.wav,club,jazz,0,sent02,male,base_nlms,0.7689,1.568,3.03,Glue the sheet to the dark blue background,glue the sheet to the dark blue background,OK,0.9521,glue the sheet to the dark blue background | blue the sheet to the dark blue background | blew the sheet to the dark blue background | blu the sheet to the dark blue background | bleu the sheet to the dark blue background,7,8,100.0,0.0
club_jazz_snr0_sent02_05_soft_vad_leaky.wav,club,jazz,0,sent02,male,soft_vad_leaky,0.7553,1.635,4.24,Glue the sheet to the dark blue background,blue the sheet to the dark blue background,OK,0.9508,blue the sheet to the dark blue background | blew the sheet to the dark blue background | glue the sheet to the dark blue background | blu the sheet to the dark blue background | bleu the sheet to the dark blue background,6,8,85.7,12.5
club_jazz_snr0_sent03_01_primary_noisy.wav,club,jazz,0,sent03,female,primary_noisy,0.7530,1.637,0.0,These days a chicken leg is a rare dish,these days a chicken leg is a rare dish,OK,0.9521,these days a chicken leg is a rare dish | these days a chicken leg is a rare disch | these days a chicken leg is a rare dish | these dayz a chicken leg is a rare dish | these daze a chicken leg is a rare dish,8,9,100.0,0.0
club_jazz_snr0_sent03_02_fir_bp.wav,club,jazz,0,sent03,female,fir_bp,0.7132,1.288,-3.22,These days a chicken leg is a rare dish,these days a chicken leg is a rare dish,OK,0.9521,these days a chicken leg is a rare dish | these days a chicken leg is a rare disch | these days a chicken leg is a rare dish | these days a chicken leg is a rair dish | these dayz a chicken leg is a rare dish,8,9,100.0,0.0
club_jazz_snr0_sent03_03_notch.wav,club,jazz,0,sent03,female,notch,0.7546,1.639,0.71,These days a chicken leg is a rare dish,these days a chicken leg is a rare dish,OK,0.9521,these days a chicken leg is a rare dish | these days a chicken leg is a rare disch | these days a chicken leg is a rare dish | these dayz a chicken leg is a rare dish | these daze a chicken leg is a rare dish,8,9,100.0,0.0
club_jazz_snr0_sent03_04_base_nlms.wav,club,jazz,0,sent03,female,base_nlms,0.6983,1.405,2.13,These days a chicken leg is a rare dish,these days a chicken leg is a rare dish,OK,0.9521,these days a chicken leg is a rare dish | these days a chicken leg is a rare disch | these days a chicken leg is a rare dish | these dayz a chicken leg is a rare dish | these daze a chicken leg is a rare dish,8,9,100.0,0.0
club_jazz_snr0_sent03_05_soft_vad_leaky.wav,club,jazz,0,sent03,female,soft_vad_leaky,0.7857,1.708,5.23,These days a chicken leg is a rare dish,these days a chicken leg is a rare dish,OK,0.9521,these days a chicken leg is a rare dish | these days a chicken leg is a rare disch | these days a chicken leg is a rare dish | these dayz a chicken leg is a rare dish | these days a chicken leg is a rair dish,8,9,100.0,0.0
club_rock_snr-10_sent01_01_primary_noisy.wav,club,rock,-10,sent01,female,primary_noisy,0.2994,1.268,0.0,The bill was paid every third week,[NO_SPEECH_DETECTED],NO_SPEECH_DETECTED,0.0,,0,7,0.0,100.0
club_rock_snr-10_sent01_02_fir_bp.wav,club,rock,-10,sent01,female,fir_bp,0.3017,1.252,4.89,The bill was paid every third week,[NO_SPEECH_DETECTED],NO_SPEECH_DETECTED,0.0,,0,7,0.0,100.0
club_rock_snr-10_sent01_03_notch.wav,club,rock,-10,sent01,female,notch,0.2960,1.265,0.26,The bill was paid every third week,[NO_SPEECH_DETECTED],NO_SPEECH_DETECTED,0.0,,0,7,0.0,100.0
club_rock_snr-10_sent01_04_base_nlms.wav,club,rock,-10,sent01,female,base_nlms,0.3952,1.268,9.46,The bill was paid every third week,[NO_SPEECH_DETECTED],NO_SPEECH_DETECTED,0.0,,0,7,0.0,100.0
club_rock_snr-10_sent01_05_soft_vad_leaky.wav,club,rock,-10,sent01,female,soft_vad_leaky,0.3334,1.307,6.06,The bill was paid every third week,[NO_SPEECH_DETECTED],NO_SPEECH_DETECTED,0.0,,0,7,0.0,100.0
club_rock_snr-10_sent02_01_primary_noisy.wav,club,rock,-10,sent02,male,primary_noisy,0.4135,1.322,0.0,Glue the sheet to the dark blue background,[NO_SPEECH_DETECTED],NO_SPEECH_DETECTED,0.0,,0,8,0.0,100.0
club_rock_snr-10_sent02_02_fir_bp.wav,club,rock,-10,sent02,male,fir_bp,0.4098,1.243,4.25,Glue the sheet to the dark blue background,[NO_SPEECH_DETECTED],NO_SPEECH_DETECTED,0.0,,0,8,0.0,100.0
club_rock_snr-10_sent02_03_notch.wav,club,rock,-10,sent02,male,notch,0.4150,1.323,0.25,Glue the sheet to the dark blue background,[NO_SPEECH_DETECTED],NO_SPEECH_DETECTED,0.0,,0,8,0.0,100.0
club_rock_snr-10_sent02_04_base_nlms.wav,club,rock,-10,sent02,male,base_nlms,0.5285,1.28,8.67,Glue the sheet to the dark blue background,[NO_SPEECH_DETECTED],NO_SPEECH_DETECTED,0.0,,0,8,0.0,100.0
club_rock_snr-10_sent02_05_soft_vad_leaky.wav,club,rock,-10,sent02,male,soft_vad_leaky,0.4351,1.33,5.53,Glue the sheet to the dark blue background,[NO_SPEECH_DETECTED],NO_SPEECH_DETECTED,0.0,,0,8,0.0,100.0
club_rock_snr-10_sent03_01_primary_noisy.wav,club,rock,-10,sent03,female,primary_noisy,0.3451,1.305,0.0,These days a chicken leg is a rare dish,[NO_SPEECH_DETECTED],NO_SPEECH_DETECTED,0.0,,0,9,0.0,100.0
club_rock_snr-10_sent03_02_fir_bp.wav,club,rock,-10,sent03,female,fir_bp,0.3327,1.229,4.41,These days a chicken leg is a rare dish,[NO_SPEECH_DETECTED],NO_SPEECH_DETECTED,0.0,,0,9,0.0,100.0
club_rock_snr-10_sent03_03_notch.wav,club,rock,-10,sent03,female,notch,0.3416,1.293,0.25,These days a chicken leg is a rare dish,[NO_SPEECH_DETECTED],NO_SPEECH_DETECTED,0.0,,0,9,0.0,100.0
club_rock_snr-10_sent03_04_base_nlms.wav,club,rock,-10,sent03,female,base_nlms,0.5017,1.303,9.3,These days a chicken leg is a rare dish,[NO_SPEECH_DETECTED],NO_SPEECH_DETECTED,0.0,,0,9,0.0,100.0
club_rock_snr-10_sent03_05_soft_vad_leaky.wav,club,rock,-10,sent03,female,soft_vad_leaky,0.3885,1.325,5.97,These days a chicken leg is a rare dish,[NO_SPEECH_DETECTED],NO_SPEECH_DETECTED,0.0,,0,9,0.0,100.0
club_rock_snr-15_sent01_01_primary_noisy.wav,club,rock,-15,sent01,female,primary_noisy,0.2229,1.23,0.0,The bill was paid every third week,[NO_SPEECH_DETECTED],NO_SPEECH_DETECTED,0.0,,0,7,0.0,100.0
club_rock_snr-15_sent01_02_fir_bp.wav,club,rock,-15,sent01,female,fir_bp,0.2338,1.223,5.95,The bill was paid every third week,[NO_SPEECH_DETECTED],NO_SPEECH_DETECTED,0.0,,0,7,0.0,100.0
club_rock_snr-15_sent01_03_notch.wav,club,rock,-15,sent01,female,notch,0.2203,1.229,0.27,The bill was paid every third week,[NO_SPEECH_DETECTED],NO_SPEECH_DETECTED,0.0,,0,7,0.0,100.0
club_rock_snr-15_sent01_04_base_nlms.wav,club,rock,-15,sent01,female,base_nlms,0.2982,1.219,10.06,The bill was paid every third week,[NO_SPEECH_DETECTED],NO_SPEECH_DETECTED,0.0,,0,7,0.0,100.0
club_rock_snr-15_sent01_05_soft_vad_leaky.wav,club,rock,-15,sent01,female,soft_vad_leaky,0.2494,1.258,6.31,The bill was paid every third week,[NO_SPEECH_DETECTED],NO_SPEECH_DETECTED,0.0,,0,7,0.0,100.0
club_rock_snr-15_sent02_01_primary_noisy.wav,club,rock,-15,sent02,male,primary_noisy,0.3199,1.274,0.0,Glue the sheet to the dark blue background,[NO_SPEECH_DETECTED],NO_SPEECH_DETECTED,0.0,,0,8,0.0,100.0
club_rock_snr-15_sent02_02_fir_bp.wav,club,rock,-15,sent02,male,fir_bp,0.3231,1.218,5.55,Glue the sheet to the dark blue background,[NO_SPEECH_DETECTED],NO_SPEECH_DETECTED,0.0,,0,8,0.0,100.0
club_rock_snr-15_sent02_03_notch.wav,club,rock,-15,sent02,male,notch,0.3216,1.275,0.27,Glue the sheet to the dark blue background,[NO_SPEECH_DETECTED],NO_SPEECH_DETECTED,0.0,,0,8,0.0,100.0
club_rock_snr-15_sent02_04_base_nlms.wav,club,rock,-15,sent02,male,base_nlms,0.4225,1.229,9.5,Glue the sheet to the dark blue background,[NO_SPEECH_DETECTED],NO_SPEECH_DETECTED,0.0,,0,8,0.0,100.0
club_rock_snr-15_sent02_05_soft_vad_leaky.wav,club,rock,-15,sent02,male,soft_vad_leaky,0.3308,1.276,5.78,Glue the sheet to the dark blue background,[NO_SPEECH_DETECTED],NO_SPEECH_DETECTED,0.0,,0,8,0.0,100.0
club_rock_snr-15_sent03_01_primary_noisy.wav,club,rock,-15,sent03,female,primary_noisy,0.2307,1.257,0.0,These days a chicken leg is a rare dish,[NO_SPEECH_DETECTED],NO_SPEECH_DETECTED,0.0,,0,9,0.0,100.0
club_rock_snr-15_sent03_02_fir_bp.wav,club,rock,-15,sent03,female,fir_bp,0.2182,1.205,5.83,These days a chicken leg is a rare dish,[NO_SPEECH_DETECTED],NO_SPEECH_DETECTED,0.0,,0,9,0.0,100.0
club_rock_snr-15_sent03_03_notch.wav,club,rock,-15,sent03,female,notch,0.2277,1.249,0.26,These days a chicken leg is a rare dish,[NO_SPEECH_DETECTED],NO_SPEECH_DETECTED,0.0,,0,9,0.0,100.0
club_rock_snr-15_sent03_04_base_nlms.wav,club,rock,-15,sent03,female,base_nlms,0.3659,1.242,10.16,These days a chicken leg is a rare dish,[NO_SPEECH_DETECTED],NO_SPEECH_DETECTED,0.0,,0,9,0.0,100.0
club_rock_snr-15_sent03_05_soft_vad_leaky.wav,club,rock,-15,sent03,female,soft_vad_leaky,0.2591,1.268,6.21,These days a chicken leg is a rare dish,[NO_SPEECH_DETECTED],NO_SPEECH_DETECTED,0.0,,0,9,0.0,100.0
club_rock_snr0_sent01_01_primary_noisy.wav,club,rock,0,sent01,female,primary_noisy,0.4940,1.52,0.0,The bill was paid every third week,the bill was paid every third week,OK,0.9521,the bill was paid every third week | the girl was paid every third week | the bill was paid every third weak | the bill was paid every third weeks | the bill was paid every third wk,7,7,100.0,0.0
club_rock_snr0_sent01_02_fir_bp.wav,club,rock,0,sent01,female,fir_bp,0.4786,1.358,-1.07,The bill was paid every third week,[NO_SPEECH_DETECTED],NO_SPEECH_DETECTED,0.0,,0,7,0.0,100.0
club_rock_snr0_sent01_03_notch.wav,club,rock,0,sent01,female,notch,0.4907,1.509,0.18,The bill was paid every third week,the bill was paid every third week,OK,0.9521,the bill was paid every third week | the girl was paid every third week | the bill was paid every third weak | the bill was paid every third weeks | the bill was paid every third wk,7,7,100.0,0.0
club_rock_snr0_sent01_04_base_nlms.wav,club,rock,0,sent01,female,base_nlms,0.5405,1.394,3.71,The bill was paid every third week,the bill was paid every third week,OK,0.9521,the bill was paid every third week | the bill was paid every third weak | bill was paid every third week | the bill was paid every third weeks | the bill was paid every third wk,7,7,100.0,0.0
club_rock_snr0_sent01_05_soft_vad_leaky.wav,club,rock,0,sent01,female,soft_vad_leaky,0.5264,1.572,4.55,The bill was paid every third week,the bill was paid every third week,OK,0.9521,the bill was paid every third week | the bill was paid every third weak | the bill was paid every third weeks | the bill was paid every third wk | the billed was paid every third week,7,7,100.0,0.0
club_rock_snr0_sent02_01_primary_noisy.wav,club,rock,0,sent02,male,primary_noisy,0.6601,1.621,0.0,Glue the sheet to the dark blue background,who are the sheep to the dark blue back,OK,0.9425,who are the sheep to the dark blue back | who are the sheet to the dark blue back | who is the sheep to the dark blue back | who is the sheet to the dark blue back | who are the sheep to the dark blue background,4,8,57.1,50.0
club_rock_snr0_sent02_02_fir_bp.wav,club,rock,0,sent02,male,fir_bp,0.6349,1.349,-2.24,Glue the sheet to the dark blue background,back,OK,0.9521,back | bak | baek | bakk | bacch,0,8,0.0,100.0
club_rock_snr0_sent02_03_notch.wav,club,rock,0,sent02,male,notch,0.6585,1.618,-0.04,Glue the sheet to the dark blue background,back,OK,0.9521,back | background | bak | baek | who are the sheep to the dark blue back,0,8,0.0,100.0
club_rock_snr0_sent02_04_base_nlms.wav,club,rock,0,sent02,male,base_nlms,0.6970,1.431,2.2,Glue the sheet to the dark blue background,the sheet to the dark blue back,OK,0.9157,the sheet to the dark blue back | back | the sheep to the dark blue back | where are the sheet to the dark blue back,5,8,71.4,25.0
club_rock_snr0_sent02_05_soft_vad_leaky.wav,club,rock,0,sent02,male,soft_vad_leaky,0.6698,1.576,3.36,Glue the sheet to the dark blue background,who are the sheep to the dark blue back,OK,0.938,who are the sheep to the dark blue back | where are the sheep to the dark blue back | who are the sheet to the dark blue back | where are the sheet to the dark blue back | who are the sheep to the dark blue background,4,8,57.1,50.0
club_rock_snr0_sent03_01_primary_noisy.wav,club,rock,0,sent03,female,primary_noisy,0.6302,1.607,0.0,These days a chicken leg is a rare dish,these days a chicken leg is a rare dish,OK,0.9521,these days a chicken leg is a rare dish | these days a chicken leg is a rare disch | these days a chicken leg is a rare dish | these dayz a chicken leg is a rare dish | these daze a chicken leg is a rare dish,8,9,100.0,0.0
club_rock_snr0_sent03_02_fir_bp.wav,club,rock,0,sent03,female,fir_bp,0.6129,1.313,-2.32,These days a chicken leg is a rare dish,these days a chicken leg is a rare dish,OK,0.9521,these days a chicken leg is a rare dish | these days a chicken leg is a rare disch | these days a chicken leg is a rare dish | these dayz a chicken leg is a rare dish | these daze a chicken leg is a rare dish,8,9,100.0,0.0
club_rock_snr0_sent03_03_notch.wav,club,rock,0,sent03,female,notch,0.6277,1.567,0.07,These days a chicken leg is a rare dish,these days a chicken leg is a rare dish,OK,0.9521,these days a chicken leg is a rare dish | these days a chicken leg is a rare disch | these days a chicken leg is a rare dish | these dayz a chicken leg is a rare dish | these daze a chicken leg is a rare dish,8,9,100.0,0.0
club_rock_snr0_sent03_04_base_nlms.wav,club,rock,0,sent03,female,base_nlms,0.6825,1.434,2.38,These days a chicken leg is a rare dish,these days a chicken leg is a rare dish,OK,0.9521,these days a chicken leg is a rare dish | these days a chicken leg is a rare disch | these days a chicken leg is a rare dish | these dayz a chicken leg is a rare dish | these daze a chicken leg is a rare dish,8,9,100.0,0.0
club_rock_snr0_sent03_05_soft_vad_leaky.wav,club,rock,0,sent03,female,soft_vad_leaky,0.6851,1.626,4.05,These days a chicken leg is a rare dish,these days a chicken leg is a rare dish,OK,0.9521,these days a chicken leg is a rare dish | these days a chicken leg is a rare disch | these days a chicken leg is a rare dish | these dayz a chicken leg is a rare dish | these days a chicken leg is a rair dish,8,9,100.0,0.0
club_techno_snr-10_sent01_01_primary_noisy.wav,club,techno,-10,sent01,female,primary_noisy,0.4110,1.262,0.0,The bill was paid every third week,the bill was made every third week,OK,0.9521,the bill was made every third week | the bill was made every third weak | the bill was made every third weeks | the bill was made every third wk | the billed was made every third week,6,7,85.7,14.3
club_techno_snr-10_sent01_02_fir_bp.wav,club,techno,-10,sent01,female,fir_bp,0.4023,1.323,8.13,The bill was paid every third week,[NO_SPEECH_DETECTED],NO_SPEECH_DETECTED,0.0,,0,7,0.0,100.0
club_techno_snr-10_sent01_03_notch.wav,club,techno,-10,sent01,female,notch,0.4132,1.289,1.07,The bill was paid every third week,the bill was made every third week,OK,0.9521,the bill was made every third week | the bill was made every third weak | the bill was made every third weeks | the bill was made every third wk | the billed was made every third week,6,7,85.7,14.3
club_techno_snr-10_sent01_04_base_nlms.wav,club,techno,-10,sent01,female,base_nlms,0.4978,1.451,12.44,The bill was paid every third week,the bill was paid every third week,OK,0.9521,the bill was paid every third week | the bill was made every third week | the bill was paid every third weak | the bill was paid every third weeks | the bill was paid every third wk,7,7,100.0,0.0
club_techno_snr-10_sent01_05_soft_vad_leaky.wav,club,techno,-10,sent01,female,soft_vad_leaky,0.4195,1.498,9.79,The bill was paid every third week,the bill was made every third week,OK,0.9521,the bill was made every third week | the bill was made every third weak | the bill was made every third weeks | the bill was made every third wk | the billed was made every third week,6,7,85.7,14.3
club_techno_snr-10_sent02_01_primary_noisy.wav,club,techno,-10,sent02,male,primary_noisy,0.4751,1.376,-0.0,Glue the sheet to the dark blue background,back,OK,0.9471,back | bak | baek | bakk,0,8,0.0,100.0
club_techno_snr-10_sent02_02_fir_bp.wav,club,techno,-10,sent02,male,fir_bp,0.4565,1.304,7.21,Glue the sheet to the dark blue background,[NO_SPEECH_DETECTED],NO_SPEECH_DETECTED,0.0,,0,8,0.0,100.0
club_techno_snr-10_sent02_03_notch.wav,club,techno,-10,sent02,male,notch,0.4763,1.403,0.99,Glue the sheet to the dark blue background,back,OK,0.9495,back | bak | baek | bakk,0,8,0.0,100.0
club_techno_snr-10_sent02_04_base_nlms.wav,club,techno,-10,sent02,male,base_nlms,0.5798,1.411,11.97,Glue the sheet to the dark blue background,murder sheets of the dark blue back,OK,0.9521,murder sheets of the dark blue back | murder sheets to the dark blue back | murder sheets of the dark blue background | murda sheets of the dark blue back | merder sheets of the dark blue back,3,8,42.9,62.5
club_techno_snr-10_sent02_05_soft_vad_leaky.wav,club,techno,-10,sent02,male,soft_vad_leaky,0.4807,1.488,9.58,Glue the sheet to the dark blue background,lewisham to the dark blue back,OK,0.8348,lewisham to the dark blue back | back | blue the sheets in the dark blue back | bak | baek,4,8,57.1,50.0
club_techno_snr-10_sent03_01_primary_noisy.wav,club,techno,-10,sent03,female,primary_noisy,0.5320,1.329,0.0,These days a chicken leg is a rare dish,these days a chicken leg is a rare dish,OK,0.9521,these days a chicken leg is a rare dish | these days a chicken leg is a rare dip | these days a chicken leg is a rare disch | these days a chicken leg is a rare dish | these days a chicken leg in the rare dish,8,9,100.0,0.0
club_techno_snr-10_sent03_02_fir_bp.wav,club,techno,-10,sent03,female,fir_bp,0.5148,1.279,7.16,These days a chicken leg is a rare dish,these days a chicken leg is a rare gift,OK,0.9514,these days a chicken leg is a rare gift | please save a chicken leg is a rare gift | these days a chicken leg is a rare dip | please save a chicken leg is a rare dip | please say a chicken leg is a rare gift,7,9,87.5,11.1
club_techno_snr-10_sent03_03_notch.wav,club,techno,-10,sent03,female,notch,0.5354,1.362,1.16,These days a chicken leg is a rare dish,these days a chicken leg is a rare dish,OK,0.9521,these days a chicken leg is a rare dish | these days a chicken leg is a rare dip | these days a chicken leg in the rare dish | these days a chicken leg is a rare disch | these days a chicken leg is a rare dish,8,9,100.0,0.0
club_techno_snr-10_sent03_04_base_nlms.wav,club,techno,-10,sent03,female,base_nlms,0.5965,1.396,11.46,These days a chicken leg is a rare dish,these days a chicken leg is a rare dish,OK,0.9521,these days a chicken leg is a rare dish | these days a chicken leg is a rare disch | these days a chicken leg is a rare dish | these dayz a chicken leg is a rare dish | these daze a chicken leg is a rare dish,8,9,100.0,0.0
club_techno_snr-10_sent03_05_soft_vad_leaky.wav,club,techno,-10,sent03,female,soft_vad_leaky,0.5494,1.49,9.35,These days a chicken leg is a rare dish,these days a chicken leg is a rare dish,OK,0.9521,these days a chicken leg is a rare dish | these days a chicken leg is a rare disch | these days a chicken leg is a rare dish | these dayz a chicken leg is a rare dish | these daze a chicken leg is a rare dish,8,9,100.0,0.0
club_techno_snr-15_sent01_01_primary_noisy.wav,club,techno,-15,sent01,female,primary_noisy,0.2859,1.201,0.0,The bill was paid every third week,[NO_SPEECH_DETECTED],NO_SPEECH_DETECTED,0.0,,0,7,0.0,100.0
club_techno_snr-15_sent01_02_fir_bp.wav,club,techno,-15,sent01,female,fir_bp,0.2785,1.269,11.05,The bill was paid every third week,[NO_SPEECH_DETECTED],NO_SPEECH_DETECTED,0.0,,0,7,0.0,100.0
club_techno_snr-15_sent01_03_notch.wav,club,techno,-15,sent01,female,notch,0.2879,1.216,1.07,The bill was paid every third week,[NO_SPEECH_DETECTED],NO_SPEECH_DETECTED,0.0,,0,7,0.0,100.0
club_techno_snr-15_sent01_04_base_nlms.wav,club,techno,-15,sent01,female,base_nlms,0.3836,1.337,13.89,The bill was paid every third week,the bill was made every third week,OK,0.9521,the bill was made every third week | the bill was made every third weak | the bill was made every third weeks | the bill was made every third wk | the billed was made every third week,6,7,85.7,14.3
club_techno_snr-15_sent01_05_soft_vad_leaky.wav,club,techno,-15,sent01,female,soft_vad_leaky,0.2928,1.35,10.2,The bill was paid every third week,the bill was named after surgery,OK,0.9521,the bill was named after surgery | the bill was made after the third week | the bill was made after 3 weeks | the bill was named after the third week | the bill was made after the third weak,3,7,42.9,57.1
club_techno_snr-15_sent02_01_primary_noisy.wav,club,techno,-15,sent02,male,primary_noisy,0.3304,1.286,0.0,Glue the sheet to the dark blue background,[NO_SPEECH_DETECTED],NO_SPEECH_DETECTED,0.0,,0,8,0.0,100.0
club_techno_snr-15_sent02_02_fir_bp.wav,club,techno,-15,sent02,male,fir_bp,0.3194,1.256,10.44,Glue the sheet to the dark blue background,[NO_SPEECH_DETECTED],NO_SPEECH_DETECTED,0.0,,0,8,0.0,100.0
club_techno_snr-15_sent02_03_notch.wav,club,techno,-15,sent02,male,notch,0.3322,1.303,1.01,Glue the sheet to the dark blue background,[NO_SPEECH_DETECTED],NO_SPEECH_DETECTED,0.0,,0,8,0.0,100.0
club_techno_snr-15_sent02_04_base_nlms.wav,club,techno,-15,sent02,male,base_nlms,0.4427,1.31,13.83,Glue the sheet to the dark blue background,back,OK,0.9347,back | bak | baek | bakk,0,8,0.0,100.0
club_techno_snr-15_sent02_05_soft_vad_leaky.wav,club,techno,-15,sent02,male,soft_vad_leaky,0.3343,1.362,10.19,Glue the sheet to the dark blue background,back,OK,0.9316,back | bak | baek | bakk,0,8,0.0,100.0
club_techno_snr-15_sent03_01_primary_noisy.wav,club,techno,-15,sent03,female,primary_noisy,0.3710,1.247,0.0,These days a chicken leg is a rare dish,please save a chicken leg is andrea good,OK,0.9414,please save a chicken leg is andrea good | please say a chicken leg is andrea good | please save a chicken leg is andreea good | please save a chicken leg is andrea goode | please save pictures of leg is andrea good,4,9,50.0,55.6
club_techno_snr-15_sent03_02_fir_bp.wav,club,techno,-15,sent03,female,fir_bp,0.3658,1.236,10.5,These days a chicken leg is a rare dish,please say a chicken leg chicken burger,OK,0.9388,please say a chicken leg chicken burger | please say the chicken leg chicken burger | please say a chicken leg chicken burgers | please say the chicken leg chicken burgers | please se a chicken leg chicken burger,3,9,37.5,66.7
club_techno_snr-15_sent03_03_notch.wav,club,techno,-15,sent03,female,notch,0.3742,1.266,1.17,These days a chicken leg is a rare dish,please save a chicken leg is andrea good,OK,0.9398,please save a chicken leg is andrea good | please say a chicken leg is andrea good | please save a chicken leg is andreea good | please save pictures of leg is andrea good | please save a chicken leg is andrea goode,4,9,50.0,55.6
club_techno_snr-15_sent03_04_base_nlms.wav,club,techno,-15,sent03,female,base_nlms,0.4704,1.312,13.41,These days a chicken leg is a rare dish,these days and chicken leg is a rare gift,OK,0.9521,these days and chicken leg is a rare gift | these days and chicken leg is a rare dare | these days and chicken leg is a rare dair | these days and chicken leg is a rare der | these days is chicken leg is a rare gift,7,9,87.5,22.2
club_techno_snr-15_sent03_05_soft_vad_leaky.wav,club,techno,-15,sent03,female,soft_vad_leaky,0.3853,1.359,9.94,These days a chicken leg is a rare dish,these days a chicken leg is a rare gift,OK,0.9446,these days a chicken leg is a rare gift | these days a chicken leg in the rare gift | these days a chicken leg in the rare dish | these days a chicken leg is a rare gift | these days a chicken leg in the rair gift,7,9,87.5,11.1
club_techno_snr0_sent01_01_primary_noisy.wav,club,techno,0,sent01,female,primary_noisy,0.6402,1.79,0.0,The bill was paid every third week,the bill was paid every third week,OK,0.9521,the bill was paid every third week | the bill was paid every third weak | the bill was paid every third weeks | the bill was paid every third wk | the bill was paid every week,7,7,100.0,0.0
club_techno_snr0_sent01_02_fir_bp.wav,club,techno,0,sent01,female,fir_bp,0.6251,1.424,-0.53,The bill was paid every third week,the bill was paid every third week,OK,0.9521,the bill was paid every third week | the bill with paid every third week | the bill was paid every third weak | the bill was paid every third weeks | the bill was paid every third wk,7,7,100.0,0.0
club_techno_snr0_sent01_03_notch.wav,club,techno,0,sent01,female,notch,0.6440,1.902,1.03,The bill was paid every third week,the bill was paid every third week,OK,0.9521,the bill was paid every third week | the bill was paid every third weak | the bill was paid every third weeks | the bill was paid every third wk | the bill was paid every week,7,7,100.0,0.0
club_techno_snr0_sent01_04_base_nlms.wav,club,techno,0,sent01,female,base_nlms,0.6119,1.521,3.76,The bill was paid every third week,the bill was paid every third week,OK,0.9521,the bill was paid every third week | the bill was paid every third weak | the bill was paid every third weeks | the bill was paid every third wk | the billed was paid every third week,7,7,100.0,0.0
club_techno_snr0_sent01_05_soft_vad_leaky.wav,club,techno,0,sent01,female,soft_vad_leaky,0.6383,2.145,7.09,The bill was paid every third week,the bill was paid every third week,OK,0.9521,the bill was paid every third week | the bill was paid every third weak | the bill was paid every third weeks | the bill was paid every week | the bill was paid every third wk,7,7,100.0,0.0
club_techno_snr0_sent02_01_primary_noisy.wav,club,techno,0,sent02,male,primary_noisy,0.7749,2.069,0.0,Glue the sheet to the dark blue background,glue the sheet to the dark blue background,OK,0.9521,glue the sheet to the dark blue background | gloue the sheet to the dark blue background | blue the sheet to the dark blue background | glue the sheet to the darc blue background | glue the sheet to the darke blue background,7,8,100.0,0.0
club_techno_snr0_sent02_02_fir_bp.wav,club,techno,0,sent02,male,fir_bp,0.7347,1.429,-1.77,Glue the sheet to the dark blue background,glue the sheets to the dark blue background,OK,0.9521,glue the sheets to the dark blue background | glue the sheet to the dark blue background | glue the sheetz to the dark blue background | glue the schuetz to the dark blue background | glue the sheats to the dark blue background,6,8,85.7,12.5
club_techno_snr0_sent02_03_notch.wav,club,techno,0,sent02,male,notch,0.7727,2.086,0.75,Glue the sheet to the dark blue background,glue the sheet to the dark blue background,OK,0.9521,glue the sheet to the dark blue background | blue the sheet to the dark blue background | blew the sheet to the dark blue background | blu the sheet to the dark blue background | gloue the sheet to the dark blue background,7,8,100.0,0.0
club_techno_snr0_sent02_04_base_nlms.wav,club,techno,0,sent02,male,base_nlms,0.7140,1.541,2.37,Glue the sheet to the dark blue background,where the sheet to the dark blue background,OK,0.9508,where the sheet to the dark blue background | where are the sheet to the dark blue background | play the sheet to the dark blue background | where the sheep to the dark blue background | where the sheet to the dark blue back,6,8,85.7,12.5
club_techno_snr0_sent02_05_soft_vad_leaky.wav,club,techno,0,sent02,male,soft_vad_leaky,0.7661,1.942,5.31,Glue the sheet to the dark blue background,glue the sheet to the dark blue background,OK,0.9521,glue the sheet to the dark blue background | blue the sheet to the dark blue background | gloue the sheet to the dark blue background | blew the sheet to the dark blue background | glue the sheet to the darc blue background,7,8,100.0,0.0
club_techno_snr0_sent03_01_primary_noisy.wav,club,techno,0,sent03,female,primary_noisy,0.8074,1.976,0.0,These days a chicken leg is a rare dish,these days a chicken leg is a rare dish,OK,0.9521,these days a chicken leg is a rare dish | these days a chicken leg is a rare disch | these days a chicken leg is a rare dish | these dayz a chicken leg is a rare dish | these daze a chicken leg is a rare dish,8,9,100.0,0.0
club_techno_snr0_sent03_02_fir_bp.wav,club,techno,0,sent03,female,fir_bp,0.7707,1.376,-1.89,These days a chicken leg is a rare dish,these days a chicken leg is a rare dish,OK,0.9521,these days a chicken leg is a rare dish | these days a chicken leg is a rare disch | these days a chicken leg is a rare dish | these dayz a chicken leg is a rare dish | these daze a chicken leg is a rare dish,8,9,100.0,0.0
club_techno_snr0_sent03_03_notch.wav,club,techno,0,sent03,female,notch,0.8117,2.076,1.11,These days a chicken leg is a rare dish,these days a chicken leg is a rare dish,OK,0.9521,these days a chicken leg is a rare dish | these days a chicken leg is a rare disch | these days a chicken leg is a rare dish | these dayz a chicken leg is a rare dish | these daze a chicken leg is a rare dish,8,9,100.0,0.0
club_techno_snr0_sent03_04_base_nlms.wav,club,techno,0,sent03,female,base_nlms,0.6881,1.428,2.26,These days a chicken leg is a rare dish,these days a chicken leg is a rare dish,OK,0.9521,these days a chicken leg is a rare dish | these days a chicken leg is a rare disch | these days a chicken leg is a rare dish | these dayz a chicken leg is a rare dish | these daze a chicken leg is a rare dish,8,9,100.0,0.0
club_techno_snr0_sent03_05_soft_vad_leaky.wav,club,techno,0,sent03,female,soft_vad_leaky,0.8027,2.014,6.21,These days a chicken leg is a rare dish,these days a chicken leg is a rare dish,OK,0.9521,these days a chicken leg is a rare dish | these days a chicken leg is a rare disch | these days a chicken leg is a rare dish | these dayz a chicken leg is a rare dish | these daze a chicken leg is a rare dish,8,9,100.0,0.0
