Venue,Genre,SNR_dB,Filter,Mean_STOI,Mean_PESQ,Mean_dSNR_dB,Mean_dASL_dB
club,techno,-15,Unprocessed,0.3606,1.256,0.00,0.00
club,techno,-15,FIR_BP,0.3546,1.271,10.72,-12.34
club,techno,-15,Parametric_Notch,0.3608,1.273,1.07,-1.05
club,techno,-15,Base_NLMS,0.4833,1.312,13.86,-13.12
club,techno,-15,Leaky_NLMS,0.3767,1.348,10.63,-10.03
club,techno,-15,Soft_VAD_Leaky,0.3764,1.354,10.21,-9.60
club,techno,-10,Unprocessed,0.4983,1.339,0.00,0.00
club,techno,-10,FIR_BP,0.4889,1.331,7.52,-10.36
club,techno,-10,Parametric_Notch,0.4985,1.367,1.06,-0.99
club,techno,-10,Base_NLMS,0.6088,1.404,11.91,-11.12
club,techno,-10,Leaky_NLMS,0.5183,1.462,10.08,-8.82
club,techno,-10,Soft_VAD_Leaky,0.5182,1.484,9.68,-8.19
club,techno,-5,Unprocessed,0.6496,1.532,-0.00,0.00
club,techno,-5,FIR_BP,0.6327,1.403,3.29,-7.50
club,techno,-5,Parametric_Notch,0.6496,1.584,1.03,-0.84
club,techno,-5,Base_NLMS,0.6849,1.491,8.05,-8.76
club,techno,-5,Leaky_NLMS,0.6637,1.627,8.40,-7.10
club,techno,-5,Soft_VAD_Leaky,0.6665,1.711,8.61,-6.10
club,techno,0,Unprocessed,0.7863,1.971,-0.00,0.00
club,techno,0,FIR_BP,0.7554,1.463,-1.43,-4.69
club,techno,0,Parametric_Notch,0.7850,2.042,0.95,-0.59
club,techno,0,Base_NLMS,0.7267,1.524,2.86,-7.02
club,techno,0,Leaky_NLMS,0.7751,1.771,4.60,-5.67
club,techno,0,Soft_VAD_Leaky,0.7892,2.041,6.47,-3.95
club,techno,5,Unprocessed,0.8835,2.715,0.00,0.00
club,techno,5,FIR_BP,0.8384,1.495,-6.34,-2.39
club,techno,5,Parametric_Notch,0.8802,2.725,0.69,-0.34
club,techno,5,Base_NLMS,0.7484,1.502,-2.64,-6.51
club,techno,5,Leaky_NLMS,0.8321,1.794,-0.73,-5.25
club,techno,5,Soft_VAD_Leaky,0.8700,2.378,3.21,-2.50
club,techno,10,Unprocessed,0.9412,3.497,-0.00,0.00
club,techno,10,FIR_BP,0.8854,1.506,-9.97,-1.19
club,techno,10,Parametric_Notch,0.9361,3.369,-0.03,-0.19
club,techno,10,Base_NLMS,0.7546,1.455,-8.05,-6.77
club,techno,10,Leaky_NLMS,0.8464,1.731,-6.33,-5.59
club,techno,10,Soft_VAD_Leaky,0.9127,2.593,-0.67,-1.58
club,jazz,-15,Unprocessed,0.3388,1.244,-0.00,0.00
club,jazz,-15,FIR_BP,0.3284,1.194,3.03,-3.35
club,jazz,-15,Parametric_Notch,0.3394,1.246,1.25,-1.22
club,jazz,-15,Base_NLMS,0.4826,1.294,13.03,-12.22
club,jazz,-15,Leaky_NLMS,0.3794,1.285,8.44,-8.08
club,jazz,-15,Soft_VAD_Leaky,0.3730,1.285,7.63,-7.27
club,jazz,-10,Unprocessed,0.4563,1.298,-0.00,0.00
club,jazz,-10,FIR_BP,0.4388,1.223,2.27,-3.24
club,jazz,-10,Parametric_Notch,0.4576,1.300,1.25,-1.15
club,jazz,-10,Base_NLMS,0.6119,1.382,11.53,-10.54
club,jazz,-10,Leaky_NLMS,0.5097,1.360,8.13,-7.36
club,jazz,-10,Soft_VAD_Leaky,0.5050,1.365,7.39,-6.42
club,jazz,-5,Unprocessed,0.5928,1.410,-0.00,0.00
club,jazz,-5,FIR_BP,0.5638,1.270,0.51,-2.96
club,jazz,-5,Parametric_Notch,0.5950,1.412,1.24,-0.96
club,jazz,-5,Base_NLMS,0.6943,1.474,7.98,-8.40
club,jazz,-5,Leaky_NLMS,0.6416,1.473,7.00,-6.22
club,jazz,-5,Soft_VAD_Leaky,0.6448,1.510,6.81,-4.93
club,jazz,0,Unprocessed,0.7222,1.631,-0.00,0.00
club,jazz,0,FIR_BP,0.6797,1.336,-2.59,-2.52
club,jazz,0,Parametric_Notch,0.7246,1.628,1.22,-0.64
club,jazz,0,Base_NLMS,0.7340,1.518,2.92,-6.80
club,jazz,0,Leaky_NLMS,0.7444,1.595,3.98,-5.22
club,jazz,0,Soft_VAD_Leaky,0.7613,1.747,5.49,-3.28
club,jazz,5,Unprocessed,0.8245,2.027,0.00,0.00
club,jazz,5,FIR_BP,0.7718,1.406,-6.75,-2.11
club,jazz,5,Parametric_Notch,0.8263,2.020,1.15,-0.32
club,jazz,5,Base_NLMS,0.7480,1.503,-2.60,-6.34
club,jazz,5,Leaky_NLMS,0.8043,1.671,-0.89,-5.04
club,jazz,5,Soft_VAD_Leaky,0.8403,2.064,3.02,-2.13
club,jazz,10,Unprocessed,0.8967,2.631,0.00,0.00
club,jazz,10,FIR_BP,0.8380,1.459,-9.98,-1.80
club,jazz,10,Parametric_Notch,0.8974,2.627,0.95,-0.13
club,jazz,10,Base_NLMS,0.7470,1.460,-8.03,-6.63
club,jazz,10,Leaky_NLMS,0.8272,1.676,-6.35,-5.48
club,jazz,10,Soft_VAD_Leaky,0.8843,2.341,-0.67,-1.59
club,rock,-15,Unprocessed,0.2694,1.256,0.00,0.00
club,rock,-15,FIR_BP,0.2636,1.228,5.63,-6.16
club,rock,-15,Parametric_Notch,0.2690,1.255,0.27,-0.27
club,rock,-15,Base_NLMS,0.3829,1.239,9.80,-9.52
club,rock,-15,Leaky_NLMS,0.2968,1.266,6.64,-6.48
club,rock,-15,Soft_VAD_Leaky,0.2948,1.272,5.91,-5.73
club,rock,-10,Unprocessed,0.3678,1.301,-0.00,0.00
club,rock,-10,FIR_BP,0.3575,1.261,4.36,-5.75
club,rock,-10,Parametric_Notch,0.3669,1.300,0.26,-0.27
club,rock,-10,Base_NLMS,0.5074,1.296,9.04,-8.62
club,rock,-10,Leaky_NLMS,0.4052,1.318,6.42,-6.05
club,rock,-10,Soft_VAD_Leaky,0.4028,1.327,5.70,-5.22
club,rock,-5,Unprocessed,0.4909,1.393,0.00,0.00
club,rock,-5,FIR_BP,0.4748,1.314,1.81,-4.86
club,rock,-5,Parametric_Notch,0.4895,1.391,0.22,-0.26
club,rock,-5,Base_NLMS,0.6152,1.374,6.84,-7.17
club,rock,-5,Leaky_NLMS,0.5328,1.403,5.61,-5.29
club,rock,-5,Soft_VAD_Leaky,0.5304,1.430,5.18,-4.25
club,rock,0,Unprocessed,0.6189,1.574,-0.00,0.00
club,rock,0,FIR_BP,0.5968,1.384,-1.99,-3.60
club,rock,0,Parametric_Notch,0.6168,1.569,0.09,-0.23
club,rock,0,Base_NLMS,0.6832,1.450,2.70,-5.91
club,rock,0,Leaky_NLMS,0.6523,1.513,3.24,-4.63
club,rock,0,Soft_VAD_Leaky,0.6556,1.612,3.96,-3.01
club,rock,5,Unprocessed,0.7408,1.912,0.00,0.00
club,rock,5,FIR_BP,0.7096,1.451,-6.53,-2.55
club,rock,5,Parametric_Notch,0.7371,1.893,-0.29,-0.21
club,rock,5,Base_NLMS,0.7186,1.485,-2.49,-5.61
club,rock,5,Leaky_NLMS,0.7416,1.611,-1.13,-4.63
club,rock,5,Soft_VAD_Leaky,0.7625,1.894,1.85,-2.10
club,rock,10,Unprocessed,0.8439,2.478,0.00,0.00
club,rock,10,FIR_BP,0.8007,1.491,-9.97,-1.76
club,rock,10,Parametric_Notch,0.8382,2.403,-1.30,-0.19
club,rock,10,Base_NLMS,0.7347,1.478,-7.86,-6.05
club,rock,10,Leaky_NLMS,0.7925,1.653,-6.39,-5.18
club,rock,10,Soft_VAD_Leaky,0.8407,2.242,-1.18,-1.58
arena,techno,-15,Unprocessed,0.4268,1.246,-0.00,0.00
arena,techno,-15,FIR_BP,0.4180,1.239,10.16,-11.40
arena,techno,-15,Parametric_Notch,0.4281,1.256,0.80,-0.78
arena,techno,-15,Base_NLMS,0.5352,1.278,13.67,-13.00
arena,techno,-15,Leaky_NLMS,0.4405,1.317,10.34,-9.79
arena,techno,-15,Soft_VAD_Leaky,0.4396,1.326,9.91,-9.35
arena,techno,-10,Unprocessed,0.5455,1.322,0.00,0.00
arena,techno,-10,FIR_BP,0.5324,1.289,7.41,-9.87
arena,techno,-10,Parametric_Notch,0.5470,1.340,0.79,-0.74
arena,techno,-10,Base_NLMS,0.6458,1.362,11.96,-11.12
arena,techno,-10,Leaky_NLMS,0.5648,1.420,9.87,-8.66
arena,techno,-10,Soft_VAD_Leaky,0.5638,1.442,9.45,-8.06
arena,techno,-5,Unprocessed,0.6779,1.500,0.00,0.00
arena,techno,-5,FIR_BP,0.6579,1.356,3.46,-7.40
arena,techno,-5,Parametric_Notch,0.6793,1.532,0.76,-0.65
arena,techno,-5,Base_NLMS,0.7138,1.451,8.42,-8.75
arena,techno,-5,Leaky_NLMS,0.6922,1.575,8.46,-6.96
arena,techno,-5,Soft_VAD_Leaky,0.6936,1.648,8.49,-6.03
arena,techno,0,Unprocessed,0.7982,1.901,-0.00,0.00
arena,techno,0,FIR_BP,0.7668,1.423,-1.15,-4.78
arena,techno,0,Parametric_Notch,0.7983,1.943,0.69,-0.47
arena,techno,0,Base_NLMS,0.7482,1.495,3.37,-6.95
arena,techno,0,Leaky_NLMS,0.7914,1.730,5.06,-5.50
arena,techno,0,Soft_VAD_Leaky,0.8014,1.957,6.60,-3.97
arena,techno,5,Unprocessed,0.8874,2.601,-0.00,0.00
arena,techno,5,FIR_BP,0.8429,1.467,-6.02,-2.51
arena,techno,5,Parametric_Notch,0.8850,2.585,0.45,-0.29
arena,techno,5,Base_NLMS,0.7643,1.480,-2.18,-6.40
arena,techno,5,Leaky_NLMS,0.8446,1.777,-0.17,-5.09
arena,techno,5,Soft_VAD_Leaky,0.8737,2.283,3.50,-2.59
arena,techno,10,Unprocessed,0.9424,3.387,0.00,0.00
arena,techno,10,FIR_BP,0.8878,1.488,-9.94,-0.85
arena,techno,10,Parametric_Notch,0.9383,3.235,-0.19,-0.17
arena,techno,10,Base_NLMS,0.7682,1.435,-7.64,-6.68
arena,techno,10,Leaky_NLMS,0.8590,1.720,-5.87,-5.49
arena,techno,10,Soft_VAD_Leaky,0.9124,2.466,-0.72,-1.68
arena,jazz,-15,Unprocessed,0.4022,1.232,0.00,0.00
arena,jazz,-15,FIR_BP,0.3852,1.183,2.58,-2.87
arena,jazz,-15,Parametric_Notch,0.4008,1.231,1.14,-1.12
arena,jazz,-15,Base_NLMS,0.5005,1.266,12.55,-11.90
arena,jazz,-15,Leaky_NLMS,0.4241,1.264,8.07,-7.77
arena,jazz,-15,Soft_VAD_Leaky,0.4217,1.266,7.36,-7.05
arena,jazz,-10,Unprocessed,0.5042,1.279,0.00,0.00
arena,jazz,-10,FIR_BP,0.4762,1.207,1.94,-2.81
arena,jazz,-10,Parametric_Notch,0.5024,1.278,1.14,-1.06
arena,jazz,-10,Base_NLMS,0.6256,1.345,11.41,-10.36
arena,jazz,-10,Leaky_NLMS,0.5402,1.331,7.82,-7.09
arena,jazz,-10,Soft_VAD_Leaky,0.5370,1.336,7.15,-6.32
arena,jazz,-5,Unprocessed,0.6209,1.374,0.00,0.00
arena,jazz,-5,FIR_BP,0.5812,1.248,0.40,-2.64
arena,jazz,-5,Parametric_Notch,0.6192,1.372,1.13,-0.90
arena,jazz,-5,Base_NLMS,0.7135,1.443,8.45,-8.26
arena,jazz,-5,Leaky_NLMS,0.6610,1.440,6.97,-5.96
arena,jazz,-5,Soft_VAD_Leaky,0.6607,1.463,6.62,-4.95
arena,jazz,0,Unprocessed,0.7342,1.560,-0.00,0.00
arena,jazz,0,FIR_BP,0.6838,1.306,-2.48,-2.35
arena,jazz,0,Parametric_Notch,0.7334,1.554,1.11,-0.61
arena,jazz,0,Base_NLMS,0.7559,1.506,3.56,-6.59
arena,jazz,0,Leaky_NLMS,0.7581,1.574,4.45,-4.95
arena,jazz,0,Soft_VAD_Leaky,0.7672,1.671,5.37,-3.34
arena,jazz,5,Unprocessed,0.8283,1.899,-0.00,0.00
arena,jazz,5,FIR_BP,0.7705,1.375,-6.50,-2.06
arena,jazz,5,Parametric_Notch,0.8281,1.890,1.05,-0.31
arena,jazz,5,Base_NLMS,0.7690,1.501,-2.06,-6.09
arena,jazz,5,Leaky_NLMS,0.8142,1.664,-0.29,-4.80
arena,jazz,5,Soft_VAD_Leaky,0.8394,1.941,2.82,-2.29
arena,jazz,10,Unprocessed,0.8952,2.445,0.00,0.00
arena,jazz,10,FIR_BP,0.8345,1.434,-9.96,-1.83
arena,jazz,10,Parametric_Notch,0.8951,2.438,0.86,-0.13
arena,jazz,10,Base_NLMS,0.7659,1.457,-7.57,-6.42
arena,jazz,10,Leaky_NLMS,0.8338,1.665,-5.88,-5.32
arena,jazz,10,Soft_VAD_Leaky,0.8791,2.179,-0.91,-1.78
arena,rock,-15,Unprocessed,0.3347,1.251,-0.00,0.00
arena,rock,-15,FIR_BP,0.3224,1.205,5.28,-5.72
arena,rock,-15,Parametric_Notch,0.3328,1.251,0.30,-0.30
arena,rock,-15,Base_NLMS,0.4089,1.222,9.24,-9.01
arena,rock,-15,Leaky_NLMS,0.3565,1.243,6.24,-6.09
arena,rock,-15,Soft_VAD_Leaky,0.3536,1.249,5.48,-5.32
arena,rock,-10,Unprocessed,0.4133,1.293,-0.00,0.00
arena,rock,-10,FIR_BP,0.3979,1.230,4.17,-5.39
arena,rock,-10,Parametric_Notch,0.4113,1.293,0.29,-0.29
arena,rock,-10,Base_NLMS,0.5171,1.270,8.62,-8.25
arena,rock,-10,Leaky_NLMS,0.4450,1.285,6.06,-5.72
arena,rock,-10,Soft_VAD_Leaky,0.4412,1.295,5.31,-4.88
arena,rock,-5,Unprocessed,0.5168,1.379,-0.00,0.00
arena,rock,-5,FIR_BP,0.4986,1.274,1.84,-4.65
arena,rock,-5,Parametric_Notch,0.5149,1.379,0.25,-0.28
arena,rock,-5,Base_NLMS,0.6219,1.340,6.74,-7.01
arena,rock,-5,Leaky_NLMS,0.5541,1.356,5.40,-5.08
arena,rock,-5,Soft_VAD_Leaky,0.5512,1.382,4.88,-4.02
arena,rock,0,Unprocessed,0.6348,1.548,-0.00,0.00
arena,rock,0,FIR_BP,0.6124,1.337,-1.79,-3.54
arena,rock,0,Parametric_Notch,0.6327,1.547,0.13,-0.24
arena,rock,0,Base_NLMS,0.6955,1.409,2.91,-5.87
arena,rock,0,Leaky_NLMS,0.6623,1.452,3.31,-4.53
arena,rock,0,Soft_VAD_Leaky,0.6658,1.538,3.93,-2.91
arena,rock,5,Unprocessed,0.7526,1.869,0.00,0.00
arena,rock,5,FIR_BP,0.7213,1.407,-6.24,-2.58
arena,rock,5,Parametric_Notch,0.7495,1.858,-0.21,-0.21
arena,rock,5,Base_NLMS,0.7357,1.446,-2.16,-5.60
arena,rock,5,Leaky_NLMS,0.7473,1.545,-0.87,-4.61
arena,rock,5,Soft_VAD_Leaky,0.7679,1.791,2.03,-2.09
arena,rock,10,Unprocessed,0.8519,2.420,0.00,0.00
arena,rock,10,FIR_BP,0.8085,1.460,-9.95,-1.87
arena,rock,10,Parametric_Notch,0.8472,2.360,-1.13,-0.19
arena,rock,10,Base_NLMS,0.7508,1.442,-7.53,-6.10
arena,rock,10,Leaky_NLMS,0.7966,1.594,-6.09,-5.24
arena,rock,10,Soft_VAD_Leaky,0.8436,2.112,-0.97,-1.71
festival,techno,-15,Unprocessed,0.4507,1.214,-0.00,0.00
festival,techno,-15,FIR_BP,0.4473,1.219,8.98,-9.89
festival,techno,-15,Parametric_Notch,0.4521,1.224,0.90,-0.88
festival,techno,-15,Base_NLMS,0.5294,1.249,11.35,-11.02
festival,techno,-15,Leaky_NLMS,0.4632,1.273,8.26,-8.00
festival,techno,-15,Soft_VAD_Leaky,0.4618,1.275,7.77,-7.50
festival,techno,-10,Unprocessed,0.5396,1.276,0.00,0.00
festival,techno,-10,FIR_BP,0.5342,1.262,6.85,-8.87
festival,techno,-10,Parametric_Notch,0.5409,1.292,0.89,-0.84
festival,techno,-10,Base_NLMS,0.6335,1.326,10.34,-9.82
festival,techno,-10,Leaky_NLMS,0.5566,1.357,7.98,-7.33
festival,techno,-10,Soft_VAD_Leaky,0.5555,1.366,7.42,-6.68
festival,techno,-5,Unprocessed,0.6437,1.412,-0.00,0.00
festival,techno,-5,FIR_BP,0.6342,1.316,3.39,-6.99
festival,techno,-5,Parametric_Notch,0.6451,1.439,0.86,-0.74
festival,techno,-5,Base_NLMS,0.7110,1.409,7.83,-8.05
festival,techno,-5,Leaky_NLMS,0.6602,1.483,7.06,-6.20
festival,techno,-5,Soft_VAD_Leaky,0.6612,1.525,6.78,-5.29
festival,techno,0,Unprocessed,0.7509,1.705,-0.00,0.00
festival,techno,0,FIR_BP,0.7322,1.371,-0.98,-4.63
festival,techno,0,Parametric_Notch,0.7518,1.741,0.79,-0.54
festival,techno,0,Base_NLMS,0.7516,1.455,3.45,-6.52
festival,techno,0,Leaky_NLMS,0.7511,1.608,4.48,-5.15
festival,techno,0,Soft_VAD_Leaky,0.7600,1.758,5.40,-3.67
festival,techno,5,Unprocessed,0.8447,2.223,0.00,0.00
festival,techno,5,FIR_BP,0.8126,1.411,-5.76,-2.50
festival,techno,5,Parametric_Notch,0.8443,2.226,0.55,-0.33
festival,techno,5,Base_NLMS,0.7693,1.443,-1.89,-6.01
festival,techno,5,Leaky_NLMS,0.8096,1.656,-0.21,-4.93
festival,techno,5,Soft_VAD_Leaky,0.8357,2.026,2.76,-2.53
festival,techno,10,Unprocessed,0.9126,2.896,0.00,0.00
festival,techno,10,FIR_BP,0.8670,1.433,-9.90,-0.66
festival,techno,10,Parametric_Notch,0.9102,2.805,-0.09,-0.18
festival,techno,10,Base_NLMS,0.7730,1.402,-7.31,-6.28
festival,techno,10,Leaky_NLMS,0.8330,1.621,-5.70,-5.36
festival,techno,10,Soft_VAD_Leaky,0.8850,2.249,-0.82,-1.65
festival,jazz,-15,Unprocessed,0.4577,1.201,0.00,0.00
festival,jazz,-15,FIR_BP,0.4496,1.162,1.97,-2.21
festival,jazz,-15,Parametric_Notch,0.4578,1.201,0.20,-0.19
festival,jazz,-15,Base_NLMS,0.5667,1.259,13.09,-12.42
festival,jazz,-15,Leaky_NLMS,0.4801,1.238,7.71,-7.45
festival,jazz,-15,Soft_VAD_Leaky,0.4745,1.235,6.36,-6.13
festival,jazz,-10,Unprocessed,0.5377,1.239,0.00,0.00
festival,jazz,-10,FIR_BP,0.5217,1.182,1.46,-2.19
festival,jazz,-10,Parametric_Notch,0.5379,1.239,0.20,-0.19
festival,jazz,-10,Base_NLMS,0.6731,1.337,11.63,-10.68
festival,jazz,-10,Leaky_NLMS,0.5751,1.298,7.47,-6.89
festival,jazz,-10,Soft_VAD_Leaky,0.5686,1.292,6.15,-5.56
festival,jazz,-5,Unprocessed,0.6376,1.315,0.00,0.00
festival,jazz,-5,FIR_BP,0.6105,1.217,0.15,-2.12
festival,jazz,-5,Parametric_Notch,0.6380,1.315,0.19,-0.17
festival,jazz,-5,Base_NLMS,0.7465,1.419,8.47,-8.46
festival,jazz,-5,Leaky_NLMS,0.6779,1.390,6.68,-5.93
festival,jazz,-5,Soft_VAD_Leaky,0.6750,1.392,5.65,-4.51
festival,jazz,0,Unprocessed,0.7412,1.464,0.00,0.00
festival,jazz,0,FIR_BP,0.7015,1.266,-2.46,-2.02
festival,jazz,0,Parametric_Notch,0.7416,1.463,0.18,-0.12
festival,jazz,0,Base_NLMS,0.7791,1.462,3.68,-6.68
festival,jazz,0,Leaky_NLMS,0.7625,1.493,4.26,-5.04
festival,jazz,0,Soft_VAD_Leaky,0.7703,1.547,4.51,-3.19
festival,jazz,5,Unprocessed,0.8310,1.734,0.00,0.00
festival,jazz,5,FIR_BP,0.7806,1.323,-6.31,-1.91
festival,jazz,5,Parametric_Notch,0.8312,1.732,0.13,-0.08
festival,jazz,5,Base_NLMS,0.7834,1.450,-1.79,-6.06
festival,jazz,5,Leaky_NLMS,0.8114,1.560,-0.25,-4.88
festival,jazz,5,Soft_VAD_Leaky,0.8377,1.760,2.35,-2.23
festival,jazz,10,Unprocessed,0.8966,2.180,0.00,0.00
festival,jazz,10,FIR_BP,0.8396,1.377,-9.94,-1.67
festival,jazz,10,Parametric_Notch,0.8965,2.177,-0.01,-0.04
festival,jazz,10,Base_NLMS,0.7749,1.406,-7.27,-6.28
festival,jazz,10,Leaky_NLMS,0.8291,1.565,-5.68,-5.35
festival,jazz,10,Soft_VAD_Leaky,0.8766,1.984,-1.05,-1.79
festival,rock,-15,Unprocessed,0.4166,1.217,0.00,0.00
festival,rock,-15,FIR_BP,0.4096,1.206,6.25,-6.76
festival,rock,-15,Parametric_Notch,0.4154,1.217,0.38,-0.38
festival,rock,-15,Base_NLMS,0.4978,1.232,10.49,-10.21
festival,rock,-15,Leaky_NLMS,0.4380,1.249,7.30,-7.13
festival,rock,-15,Soft_VAD_Leaky,0.4343,1.249,6.39,-6.21
festival,rock,-10,Unprocessed,0.4972,1.263,0.00,0.00
festival,rock,-10,FIR_BP,0.4873,1.241,5.00,-6.32
festival,rock,-10,Parametric_Notch,0.4959,1.263,0.37,-0.37
festival,rock,-10,Base_NLMS,0.5944,1.293,9.61,-9.19
festival,rock,-10,Leaky_NLMS,0.5251,1.308,7.06,-6.64
festival,rock,-10,Soft_VAD_Leaky,0.5218,1.311,6.16,-5.67
festival,rock,-5,Unprocessed,0.5931,1.358,0.00,0.00
festival,rock,-5,FIR_BP,0.5790,1.292,2.46,-5.38
festival,rock,-5,Parametric_Notch,0.5918,1.356,0.34,-0.35
festival,rock,-5,Base_NLMS,0.6784,1.367,7.40,-7.62
festival,rock,-5,Leaky_NLMS,0.6231,1.396,6.25,-5.78
festival,rock,-5,Soft_VAD_Leaky,0.6219,1.417,5.61,-4.67
festival,rock,0,Unprocessed,0.6914,1.541,-0.00,0.00
festival,rock,0,FIR_BP,0.6717,1.350,-1.34,-3.94
festival,rock,0,Parametric_Notch,0.6898,1.536,0.22,-0.30
festival,rock,0,Base_NLMS,0.7313,1.423,3.34,-6.20
festival,rock,0,Leaky_NLMS,0.7120,1.497,3.94,-4.95
festival,rock,0,Soft_VAD_Leaky,0.7169,1.582,4.37,-3.35
festival,rock,5,Unprocessed,0.7843,1.867,0.00,0.00
festival,rock,5,FIR_BP,0.7560,1.400,-5.88,-2.60
festival,rock,5,Parametric_Notch,0.7817,1.846,-0.11,-0.23
festival,rock,5,Base_NLMS,0.7562,1.435,-1.82,-5.70
festival,rock,5,Leaky_NLMS,0.7756,1.567,-0.41,-4.79
festival,rock,5,Soft_VAD_Leaky,0.7953,1.807,2.15,-2.37
festival,rock,10,Unprocessed,0.8639,2.378,0.00,0.00
festival,rock,10,FIR_BP,0.8243,1.430,-9.91,-1.30
festival,rock,10,Parametric_Notch,0.8598,2.306,-1.03,-0.18
festival,rock,10,Base_NLMS,0.7626,1.412,-7.20,-6.02
festival,rock,10,Leaky_NLMS,0.8089,1.580,-5.74,-5.27
festival,rock,10,Soft_VAD_Leaky,0.8523,2.051,-1.19,-1.78
